day,mixer_name,eth_tx_count,eth_in_eth,eth_out_eth,eth_net_eth,eth_total_eth,erc20_tx_count,erc20_in_usd,erc20_out_usd,erc20_net_usd,erc20_total_usd
2022/6/4,Messier 87 Black Hole,102,1.394,0.962053674,0.431946326,2.356053674,293,0,0,0,0
2022/6/5,Messier 87 Black Hole,149,0,3,-3,3,605,0,0,0,0
2022/6/6,Messier 87 Black Hole,35,0,0.52,-0.52,0.52,174,609.6424057,500.2536832,109.3887225,1109.896089
2022/6/7,Messier 87 Black Hole,43,0,0,0,0,175,0,0,0,0
2022/6/8,Messier 87 Black Hole,37,0,1,-1,1,180,0,0,0,0
2022/6/9,Messier 87 Black Hole,92,0,4.063023768,-4.063023768,4.063023768,393,0,0,0,0
2022/6/10,Messier 87 Black Hole,74,0,1.722,-1.722,1.722,496,0,0,0,0
2022/6/11,Messier 87 Black Hole,91,0,11.60443011,-11.60443011,11.60443011,495,0,0,0,0
2022/6/12,Messier 87 Black Hole,28,0,4.388,-4.388,4.388,315,0,0,0,0
2022/6/13,Messier 87 Black Hole,16,0,7.24,-7.24,7.24,159,0,0,0,0
2022/6/14,Messier 87 Black Hole,21,0,1,-1,1,138,0,0,0,0
2022/6/15,Messier 87 Black Hole,19,0,0,0,0,118,0,0,0,0
2022/6/16,Messier 87 Black Hole,5,0,2.404,-2.404,2.404,97,0,0,0,0
2022/6/17,Messier 87 Black Hole,28,0,3.489995417,-3.489995417,3.489995417,109,0,0,0,0
2022/6/18,Messier 87 Black Hole,66,0,2.53,-2.53,2.53,85,0,0,0,0
2022/6/19,Messier 87 Black Hole,10,0,0,0,0,58,0,0,0,0
2022/6/20,Messier 87 Black Hole,14,0,0.8,-0.8,0.8,71,895.9143883,999.8809306,-103.9665423,1895.795319
2022/6/21,Messier 87 Black Hole,19,0,2.3,-2.3,2.3,104,150.6819354,150.0270922,0.654843253,300.7090276
2022/6/22,Messier 87 Black Hole,15,0,14.86594195,-14.86594195,14.86594195,83,13961.27881,3352.273347,10609.00547,17313.55216
2022/6/23,Messier 87 Black Hole,14,0,0,0,0,67,0,0,0,0
2022/6/24,Messier 87 Black Hole,16,0,2,-2,2,91,0,0,0,0
2022/6/25,Messier 87 Black Hole,61,0,0,0,0,256,0,3100.940549,-3100.940549,3100.940549
2022/6/26,Messier 87 Black Hole,21,0,0,0,0,121,0,3000.705188,-3000.705188,3000.705188
2022/6/27,Messier 87 Black Hole,18,0,0,0,0,96,0,0,0,0
2022/6/28,Messier 87 Black Hole,33,0,0,0,0,231,0,0,0,0
2022/6/29,Messier 87 Black Hole,28,0,22.53456789,-22.53456789,22.53456789,177,13760.75663,12507.47422,1253.282414,26268.23085
2022/6/30,Messier 87 Black Hole,111,0,8.7,-8.7,8.7,516,4081.770388,4001.339806,80.43058231,8083.110193
2022/7/1,Messier 87 Black Hole,53,0,14.14028018,-14.14028018,14.14028018,316,0,3999.852069,-3999.852069,3999.852069
2022/7/2,Messier 87 Black Hole,39,2.149000379,3.2,-1.050999621,5.349000379,230,0,0,0,0
2022/7/3,Messier 87 Black Hole,39,0,9.25,-9.25,9.25,283,5303.226307,3001.481302,2301.745005,8304.707609
2022/7/4,Messier 87 Black Hole,38,0,4.1,-4.1,4.1,249,0,0,0,0
2022/7/5,Messier 87 Black Hole,73,0,3.5,-3.5,3.5,476,0,150.0381615,-150.0381615,150.0381615
2022/7/6,Messier 87 Black Hole,101,1.262536792,15.70454361,-14.44200682,16.9670804,538,0,0,0,0
2022/7/7,Messier 87 Black Hole,86,0,12.5,-12.5,12.5,422,0,2500.173134,-2500.173134,2500.173134
2022/7/8,Messier 87 Black Hole,85,2.313480753,40.94999263,-38.63651188,43.26347339,401,0,0,0,0
2022/7/9,Messier 87 Black Hole,49,0,0,0,0,205,0,0,0,0
2022/7/10,Messier 87 Black Hole,33,0,0.3,-0.3,0.3,174,0,0,0,0
2022/7/11,Messier 87 Black Hole,32,0,20.43092046,-20.43092046,20.43092046,150,0,1492.329404,-1492.329404,1492.329404
2022/7/12,Messier 87 Black Hole,26,0,6.4,-6.4,6.4,166,2390.727274,2301.663715,89.06355893,4692.390988
2022/7/13,Messier 87 Black Hole,27,0,6.55,-6.55,6.55,118,0,0,0,0
2022/7/14,Messier 87 Black Hole,28,0,3.5,-3.5,3.5,145,3767.105991,2600.83683,1166.269161,6367.942821
2022/7/15,Messier 87 Black Hole,25,0,3.3,-3.3,3.3,165,4057.758106,1200.174008,2857.584097,5257.932114
2022/7/16,Messier 87 Black Hole,32,0,0,0,0,168,0,4002.322125,-4002.322125,4002.322125
2022/7/17,Messier 87 Black Hole,27,0,0,0,0,174,0,0,0,0
2022/7/18,Messier 87 Black Hole,111,0,10.6,-10.6,10.6,153,4515.762611,4499.008797,16.75381387,9014.771408
2022/7/19,Messier 87 Black Hole,29,0.004010184,0,0.004010184,0.004010184,129,0,0,0,0
2022/7/20,Messier 87 Black Hole,21,0,0,0,0,132,0,0,0,0
2022/7/21,Messier 87 Black Hole,20,0,5.42,-5.42,5.42,113,7565.834346,0,7565.834346,7565.834346
2022/7/22,Messier 87 Black Hole,21,0,0,0,0,120,9.974349759,2010.876932,-2000.902583,2020.851282
2022/7/23,Messier 87 Black Hole,17,0,11,-11,11,83,9081.129255,4502.936,4578.193255,13584.06526
2022/7/24,Messier 87 Black Hole,30,0.214453153,2.75,-2.535546847,2.964453153,118,0,500.3424288,-500.3424288,500.3424288
2022/7/25,Messier 87 Black Hole,25,0,1.3,-1.3,1.3,167,0,4303.224806,-4303.224806,4303.224806
2022/7/26,Messier 87 Black Hole,27,0.05,3.92580373,-3.87580373,3.97580373,103,5137.665106,5581.942265,-444.2771591,10719.60737
2022/7/27,Messier 87 Black Hole,18,0,2.762347709,-2.762347709,2.762347709,103,4036.651976,0,4036.651976,4036.651976
2022/7/28,Messier 87 Black Hole,20,0,0,0,0,68,0,100.0252378,-100.0252378,100.0252378
2022/7/29,Messier 87 Black Hole,17,0,1.856925241,-1.856925241,1.856925241,80,3194.373693,2001.642861,1192.730831,5196.016554
2022/7/30,Messier 87 Black Hole,14,0,0,0,0,56,0,0,0,0
2022/7/31,Messier 87 Black Hole,21,0,0.25,-0.25,0.25,100,0,0,0,0
2022/8/1,Messier 87 Black Hole,18,0,3.696242767,-3.696242767,3.696242767,76,6087.286115,1501.791292,4585.494823,7589.077406
2022/8/2,Messier 87 Black Hole,11,0,0,0,0,74,0,0,0,0
2022/8/3,Messier 87 Black Hole,14,0,0,0,0,68,0,400.3070194,-400.3070194,400.3070194
2022/8/4,Messier 87 Black Hole,11,0,0.75,-0.75,0.75,63,0,0,0,0
2022/8/5,Messier 87 Black Hole,26,0,2.262210137,-2.262210137,2.262210137,77,3800.264375,2001.6525,1798.611875,5801.916875
2022/8/6,Messier 87 Black Hole,21,0,0,0,0,64,2001.529153,2001.529153,0,4003.058306
2022/8/7,Messier 87 Black Hole,7,0,1.407865623,-1.407865623,1.407865623,48,2374.81786,0,2374.81786,2374.81786
2022/8/8,Messier 87 Black Hole,43,0,5.774347864,-5.774347864,5.774347864,213,6903.749493,112.1485454,6791.600948,7015.898039
2022/8/9,Messier 87 Black Hole,27,0,1.7,-1.7,1.7,127,2868.310412,500.422,2367.888412,3368.732412
2022/8/10,Messier 87 Black Hole,23,0,4.12,-4.12,4.12,96,0,7005.36584,-7005.36584,7005.36584
2022/8/11,Messier 87 Black Hole,22,0,1.5,-1.5,1.5,92,2819.154148,6003.449667,-3184.295519,8822.603814
2022/8/12,Messier 87 Black Hole,44,0,0.5,-0.5,0.5,150,0,0,0,0
2022/8/13,Messier 87 Black Hole,43,0,0,0,0,182,0,0,0,0
2022/8/14,Messier 87 Black Hole,45,0,0,0,0,95,0,0,0,0
2022/8/15,Messier 87 Black Hole,39,0,10.8,-10.8,10.8,104,20573.85399,0,20573.85399,20573.85399
2022/8/16,Messier 87 Black Hole,20,0,0,0,0,79,0,0,0,0
2022/8/17,Messier 87 Black Hole,16,0,2.1,-2.1,2.1,78,3837.882307,0,3837.882307,3837.882307
2022/8/18,Messier 87 Black Hole,10,0,0,0,0,64,0,0,0,0
2022/8/19,Messier 87 Black Hole,16,0,2,-2,2,96,3466.217838,0,3466.217838,3466.217838
2022/8/20,Messier 87 Black Hole,11,0,0,0,0,43,0,2001.755569,-2001.755569,2001.755569
2022/8/21,Messier 87 Black Hole,16,0,2,-2,2,66,3182.408312,0,3182.408312,3182.408312
2022/8/22,Messier 87 Black Hole,11,0,2.8,-2.8,2.8,87,4460.855547,0,4460.855547,4460.855547
2022/8/23,Messier 87 Black Hole,21,0,0.27651909,-0.27651909,0.27651909,67,0,950.5964813,-950.5964813,950.5964813
2022/8/24,Messier 87 Black Hole,13,0,0,0,0,47,0,50.03535625,-50.03535625,50.03535625
2022/8/25,Messier 87 Black Hole,15,0,3,-3,3,68,4520.196052,470.21283,4049.983222,4990.408882
2022/8/26,Messier 87 Black Hole,21,0,11,-11,11,100,0,14016.34291,-14016.34291,14016.34291
2022/8/27,Messier 87 Black Hole,26,1.072694179,10.21336574,-9.140671563,11.28605992,69,20.00092382,10022.21541,-10002.21449,10042.21634
2022/8/28,Messier 87 Black Hole,13,0,0.31,-0.31,0.31,59,636.43778,2503.366533,-1866.928753,3139.804313
2022/8/29,Messier 87 Black Hole,14,0,0,0,0,45,0,6004.657896,-6004.657896,6004.657896
2022/8/30,Messier 87 Black Hole,7,0,0,0,0,47,0,0,0,0
2022/8/31,Messier 87 Black Hole,6,0,0,0,0,33,0,0,0,0
2022/9/1,Messier 87 Black Hole,9,0,0,0,0,46,0,1500.761521,-1500.761521,1500.761521
2022/9/2,Messier 87 Black Hole,2,0,0,0,0,23,0,0,0,0
2022/9/3,Messier 87 Black Hole,5,0,0,0,0,34,0,200.2294104,-200.2294104,200.2294104
2022/9/4,Messier 87 Black Hole,6,0,0,0,0,36,0,0,0,0
2022/9/5,Messier 87 Black Hole,4,0,4.7,-4.7,4.7,37,7408.372667,0,7408.372667,7408.372667
2022/9/6,Messier 87 Black Hole,10,0,2.2,-2.2,2.2,33,3661.278899,0,3661.278899,3661.278899
2022/9/7,Messier 87 Black Hole,6,0,0,0,0,27,0,1100.534279,-1100.534279,1100.534279
2022/9/8,Messier 87 Black Hole,17,0,0.8,-0.8,0.8,37,2990.986894,3303.475892,-312.4889987,6294.462786
2022/9/9,Messier 87 Black Hole,13,0,0.4,-0.4,0.4,50,0,949.7448689,-949.7448689,949.7448689
2022/9/10,Messier 87 Black Hole,12,0,2.6,-2.6,2.6,69,4488.85643,3900.221989,588.6344412,8389.078418
2022/9/11,Messier 87 Black Hole,16,0,2.3,-2.3,2.3,40,0,5998.759271,-5998.759271,5998.759271
2022/9/12,Messier 87 Black Hole,123,2.404599498,3.5,-1.095400502,5.904599498,134,0,23582.82087,-23582.82087,23582.82087
2022/9/13,Messier 87 Black Hole,22,0.297910196,8.8,-8.502089804,9.097910196,52,0,0,0,0
2022/9/14,Messier 87 Black Hole,8,0,0,0,0,41,0,0,0,0
2022/9/15,Messier 87 Black Hole,4,0,0,0,0,46,0,0,0,0
2022/9/16,Messier 87 Black Hole,6,0,2.8,-2.8,2.8,57,0,0,0,0
2022/9/17,Messier 87 Black Hole,9,0,0,0,0,37,0,0,0,0
2022/9/18,Messier 87 Black Hole,7,0,0.21,-0.21,0.21,30,0,145.9411351,-145.9411351,145.9411351
2022/9/19,Messier 87 Black Hole,8,0,0,0,0,26,0,0,0,0
2022/9/20,Messier 87 Black Hole,4,3.782817794,0,3.782817794,3.782817794,29,0,0,0,0
2022/9/21,Messier 87 Black Hole,9,0,0,0,0,47,0,0,0,0
2022/9/22,Messier 87 Black Hole,27,7.37034,15.92967525,-8.559335249,23.30001525,56,20266.78704,20257.20492,9.582121093,40523.99196
2022/9/23,Messier 87 Black Hole,5,0,0,0,0,32,0,0,0,0
2022/9/24,Messier 87 Black Hole,3,0,0,0,0,25,0,0,0,0
2022/9/25,Messier 87 Black Hole,8,0,0,0,0,22,0,0,0,0
2022/9/26,Messier 87 Black Hole,10,0,0,0,0,35,0,0,0,0
2022/9/27,Messier 87 Black Hole,13,0,0,0,0,68,0,0,0,0
2022/9/28,Messier 87 Black Hole,9,0,0,0,0,41,0,0,0,0
2022/9/29,Messier 87 Black Hole,9,0,0,0,0,46,0,0,0,0
2022/9/30,Messier 87 Black Hole,7,0,2,-2,2,40,0,0,0,0
2022/10/1,Messier 87 Black Hole,6,0,0,0,0,22,0,0,0,0
2022/10/2,Messier 87 Black Hole,8,0,0,0,0,32,0,0,0,0
2022/10/3,Messier 87 Black Hole,9,0,0,0,0,26,0,0,0,0
2022/10/4,Messier 87 Black Hole,14,9.1421905,0.5,8.6421905,9.6421905,62,0,0,0,0
2022/10/5,Messier 87 Black Hole,11,0,0.3,-0.3,0.3,37,0,0,0,0
2022/10/6,Messier 87 Black Hole,11,0,0.737,-0.737,0.737,48,0,0,0,0
2022/10/7,Messier 87 Black Hole,12,0,5.11,-5.11,5.11,74,0,0,0,0
2022/10/8,Messier 87 Black Hole,22,0,0,0,0,65,0,0,0,0
2022/10/9,Messier 87 Black Hole,4,0,0,0,0,37,0,0,0,0
2022/10/10,Messier 87 Black Hole,11,0,0,0,0,32,0,0,0,0
2022/10/11,Messier 87 Black Hole,9,0,0,0,0,37,0,0,0,0
2022/10/12,Messier 87 Black Hole,2,0,0,0,0,28,0,0,0,0
2022/10/13,Messier 87 Black Hole,11,0,0,0,0,43,0,0,0,0
2022/10/14,Messier 87 Black Hole,12,0,0,0,0,41,0,0,0,0
2022/10/15,Messier 87 Black Hole,10,0,0.145,-0.145,0.145,30,0,0,0,0
2022/10/16,Messier 87 Black Hole,7,0,0,0,0,35,0,0,0,0
2022/10/17,Messier 87 Black Hole,8,0,0.35,-0.35,0.35,74,0,0,0,0
2022/10/18,Messier 87 Black Hole,20,0,0,0,0,67,0,0,0,0
2022/10/19,Messier 87 Black Hole,3,0,0,0,0,28,0,0,0,0
2022/10/20,Messier 87 Black Hole,14,0,0,0,0,30,0,0,0,0
2022/10/21,Messier 87 Black Hole,4,0,0,0,0,28,0,0,0,0
2022/10/22,Messier 87 Black Hole,5,0,0,0,0,41,0,0,0,0
2022/10/23,Messier 87 Black Hole,10,0,0,0,0,31,0,0,0,0
2022/10/24,Messier 87 Black Hole,8,0,0,0,0,55,0,0,0,0
2022/10/25,Messier 87 Black Hole,7,0,0,0,0,31,0,0,0,0
2022/10/26,Messier 87 Black Hole,8,0,12.95393836,-12.95393836,12.95393836,41,19998.76958,19998.76958,0,39997.53917
2022/10/27,Messier 87 Black Hole,4,0,0,0,0,57,0,0,0,0
2022/10/28,Messier 87 Black Hole,9,0,18.37,-18.37,18.37,71,25014.79245,0,25014.79245,25014.79245
2022/10/29,Messier 87 Black Hole,8,0,0,0,0,58,0,0,0,0
2022/10/30,Messier 87 Black Hole,39,0,1.505128246,-1.505128246,1.505128246,59,2300.141498,25001.53802,-22701.39652,27301.67952
2022/10/31,Messier 87 Black Hole,45,0,0.815948261,-0.815948261,0.815948261,87,500.0713906,2800.399787,-2300.328397,3300.471178
2022/11/1,Messier 87 Black Hole,30,0,2.559169788,-2.559169788,2.559169788,60,2300.041759,2300.041759,0,4600.083519
2022/11/2,Messier 87 Black Hole,13,0,0,0,0,41,0,0,0,0
2022/11/3,Messier 87 Black Hole,13,0,0,0,0,32,0,0,0,0
2022/11/4,Messier 87 Black Hole,6,0,0,0,0,21,0,0,0,0
2022/11/5,Messier 87 Black Hole,7,0,2.152,-2.152,2.152,32,0,0,0,0
2022/11/6,Messier 87 Black Hole,12,0,0,0,0,30,0,0,0,0
2022/11/7,Messier 87 Black Hole,13,0.301792316,0.61,-0.308207684,0.911792316,30,349.785976,349.785976,0,699.571952
2022/11/8,Messier 87 Black Hole,14,0,1.114,-1.114,1.114,47,0,17.84987844,-17.84987844,17.84987844
2022/11/9,Messier 87 Black Hole,29,0,3,-3,3,85,0,0,0,0
2022/11/10,Messier 87 Black Hole,24,0.089303218,0.107474988,-0.01817177,0.196778206,71,0,0,0,0
2022/11/11,Messier 87 Black Hole,3,0,0,0,0,18,0,0,0,0
2022/11/12,Messier 87 Black Hole,11,0,0,0,0,23,0,0,0,0
2022/11/13,Messier 87 Black Hole,31,0,0,0,0,33,0,0,0,0
2022/11/14,Messier 87 Black Hole,14,0,1.296019553,-1.296019553,1.296019553,25,1252.643963,1252.643963,0,2505.287925
2022/11/15,Messier 87 Black Hole,5,0,0,0,0,13,0,0,0,0
2022/11/16,Messier 87 Black Hole,18,0,0.624474237,-0.624474237,0.624474237,23,749.7546139,700.3809142,49.37369966,1450.135528
2022/11/17,Messier 87 Black Hole,13,0,0.35,-0.35,0.35,19,236.2600344,200.1411156,36.11891873,436.40115
2022/11/18,Messier 87 Black Hole,10,0,0,0,0,28,0.004158696,0,0.004158696,0.004158696
2022/11/19,Messier 87 Black Hole,2,0,0,0,0,10,0,0,0,0
2022/11/20,Messier 87 Black Hole,5,0,2.213460139,-2.213460139,2.213460139,33,2503.427595,2503.427595,0,5006.855191
2022/11/21,Messier 87 Black Hole,10,0,0,0,0,37,0,0,0,0
2022/11/22,Messier 87 Black Hole,3,0,0,0,0,17,0,0,0,0
2022/11/23,Messier 87 Black Hole,1,0,0,0,0,16,0,0,0,0
2022/11/24,Messier 87 Black Hole,6,0,0,0,0,28,0,0,0,0
2022/11/25,Messier 87 Black Hole,2,0,0.25,-0.25,0.25,12,0,0,0,0
2022/11/26,Messier 87 Black Hole,6,0,0,0,0,25,0,1.000962497,-1.000962497,1.000962497
2022/11/27,Messier 87 Black Hole,2,0,0,0,0,10,0,0,0,0
2022/11/28,Messier 87 Black Hole,5,0,0,0,0,19,0,0,0,0
2022/11/29,Messier 87 Black Hole,9,0,1.7,-1.7,1.7,45,1214.496176,1000.767241,213.728935,2215.263418
2022/11/30,Messier 87 Black Hole,7,0,0.2,-0.2,0.2,31,0,0,0,0
2022/12/1,Messier 87 Black Hole,9,0,3.704104442,-3.704104442,3.704104442,24,2201.445614,1901.248485,300.1971292,4102.694099
2022/12/2,Messier 87 Black Hole,1,0,0,0,0,14,0,0,0,0
2022/12/3,Messier 87 Black Hole,1,0,0,0,0,8,0,0,0,0
2022/12/4,Messier 87 Black Hole,3,0,0,0,0,22,0,0,0,0
2022/12/5,Messier 87 Black Hole,10,0,1.8,-1.8,1.8,42,2265.549613,2502.367179,-236.8175657,4767.916792
2022/12/6,Messier 87 Black Hole,5,0,0,0,0,37,0,0,0,0
2022/12/7,Messier 87 Black Hole,12,0,0,0,0,57,0,0,0,0
2022/12/8,Messier 87 Black Hole,5,0,0,0,0,16,0,0,0,0
2022/12/9,Messier 87 Black Hole,13,0,0,0,0,74,0,0,0,0
2022/12/10,Messier 87 Black Hole,6,0,0,0,0,28,0,0,0,0
2022/12/11,Messier 87 Black Hole,1,0,0,0,0,11,0,0,0,0
2022/12/12,Messier 87 Black Hole,8,0,0.66814893,-0.66814893,0.66814893,35,800.6770139,1000.846267,-200.1692535,1801.523281
2022/12/13,Messier 87 Black Hole,2,0,0,0,0,24,0,0,0,0
2022/12/14,Messier 87 Black Hole,7,0,3.15,-3.15,3.15,17,0,0,0,0
2022/12/15,Messier 87 Black Hole,1,0,0,0,0,12,0,0,0,0
2022/12/16,Messier 87 Black Hole,2,0,0,0,0,30,0,0,0,0
2022/12/17,Messier 87 Black Hole,6,0,0,0,0,26,0,0,0,0
2022/12/18,Messier 87 Black Hole,3,0,0,0,0,17,0,0,0,0
2022/12/19,Messier 87 Black Hole,2,0,0,0,0,20,0,0,0,0
2022/12/20,Messier 87 Black Hole,2,0,0,0,0,7,0,0,0,0
2022/12/21,Messier 87 Black Hole,2,0,0,0,0,19,0,0,0,0
2022/12/22,Messier 87 Black Hole,2,0,0,0,0,11,0,0,0,0
2022/12/23,Messier 87 Black Hole,5,0,0,0,0,37,0,0,0,0
2022/12/24,Messier 87 Black Hole,2,0,0,0,0,15,0,0,0,0
2022/12/25,Messier 87 Black Hole,1,0,0.066,-0.066,0.066,4,0,0,0,0
2022/12/26,Messier 87 Black Hole,1,0,0,0,0,8,0,0,0,0
2022/12/27,Messier 87 Black Hole,2,0,0,0,0,10,0,0,0,0
2022/12/28,Messier 87 Black Hole,1,0,0,0,0,19,0,0,0,0
2022/12/29,Messier 87 Black Hole,2,0,0,0,0,7,0,0,0,0
2022/12/30,Messier 87 Black Hole,3,0,0,0,0,13,0,0,0,0
2022/12/31,Messier 87 Black Hole,6,0,1,-1,1,12,0,0,0,0
2023/1/1,Messier 87 Black Hole,4,0,0,0,0,11,0,0,0,0
2023/1/2,Messier 87 Black Hole,4,0,0,0,0,20,0,0,0,0
2023/1/3,Messier 87 Black Hole,6,0,0,0,0,19,0,0,0,0
2023/1/4,Messier 87 Black Hole,4,0,0,0,0,18,0,0,0,0
2023/1/5,Messier 87 Black Hole,0,0,0,0,0,14,0,0,0,0
2023/1/6,Messier 87 Black Hole,3,0,0,0,0,17,0,0,0,0
2023/1/7,Messier 87 Black Hole,9,0,1,-1,1,12,0,0,0,0
2023/1/8,Messier 87 Black Hole,6,0,0,0,0,18,0,0,0,0
2023/1/9,Messier 87 Black Hole,7,0,1.51852338,-1.51852338,1.51852338,30,2030.622839,2000.309139,30.3137,4030.931978
2023/1/10,Messier 87 Black Hole,11,0,0.8,-0.8,0.8,16,0,10.00325149,-10.00325149,10.00325149
2023/1/11,Messier 87 Black Hole,21,0,0.2,-0.2,0.2,106,0,10.00374941,-10.00374941,10.00374941
2023/1/12,Messier 87 Black Hole,2,0,0,0,0,20,0,0,0,0
2023/1/13,Messier 87 Black Hole,7,0,2.212902213,-2.212902213,2.212902213,18,299.9941135,299.9941135,0,599.9882271
2023/1/14,Messier 87 Black Hole,7,0,0,0,0,14,0,0,0,0
2023/1/15,Messier 87 Black Hole,5,0,1.5,-1.5,1.5,40,0,0,0,0
2023/1/16,Messier 87 Black Hole,11,2.57283,3.5,-0.92717,6.07283,28,0,0,0,0
2023/1/17,Messier 87 Black Hole,5,0,0,0,0,23,0,0,0,0
2023/1/18,Messier 87 Black Hole,8,0,0,0,0,30,0,0,0,0
2023/1/19,Messier 87 Black Hole,6,0,0,0,0,13,0,0,0,0
2023/1/20,Messier 87 Black Hole,5,0,0.108405459,-0.108405459,0.108405459,15,170.4896649,0,170.4896649,170.4896649
2023/1/21,Messier 87 Black Hole,3,0,0,0,0,8,0,0,0,0
2023/1/22,Messier 87 Black Hole,2,0,0,0,0,17,0,0,0,0
2023/1/23,Messier 87 Black Hole,19,0,1.502846085,-1.502846085,1.502846085,40,2301.754405,300.2288354,2001.525569,2601.98324
2023/1/24,Messier 87 Black Hole,17,0,0,0,0,41,0,800.6691306,-800.6691306,800.6691306
2023/1/25,Messier 87 Black Hole,11,0,0.3,-0.3,0.3,18,0,200.1615757,-200.1615757,200.1615757
2023/1/26,Messier 87 Black Hole,4,0,0,0,0,22,0,0,0,0
2023/1/27,Messier 87 Black Hole,5,0,0.5,-0.5,0.5,31,0,0,0,0
2023/1/28,Messier 87 Black Hole,3,0,0,0,0,25,100.0779941,100.0779941,0,200.1559882
2023/1/29,Messier 87 Black Hole,2,0,0,0,0,11,0,0,0,0
2023/1/30,Messier 87 Black Hole,5,0,0,0,0,12,0,0,0,0
2023/1/31,Messier 87 Black Hole,14,0.149591837,1.594690399,-1.445098562,1.744282236,30,1011.448695,134.9511575,876.4975373,1146.399852
2023/2/1,Messier 87 Black Hole,9,0,0,0,0,16,0,0,0,0
2023/2/2,Messier 87 Black Hole,9,0,0,0,0,8,0,0,0,0
2023/2/3,Messier 87 Black Hole,9,0,0,0,0,22,0,0,0,0
2023/2/4,Messier 87 Black Hole,4,0,0,0,0,17,0,0,0,0
2023/2/5,Messier 87 Black Hole,9,0,0,0,0,18,0,0,0,0
2023/2/6,Messier 87 Black Hole,14,0,0,0,0,24,0,0,0,0
2023/2/7,Messier 87 Black Hole,2,0,0,0,0,14,0,0,0,0
2023/2/8,Messier 87 Black Hole,1,0,0,0,0,5,0,0,0,0
2023/2/9,Messier 87 Black Hole,7,0,0,0,0,12,0,0,0,0
2023/2/10,Messier 87 Black Hole,0,0,0,0,0,7,0,0,0,0
2023/2/11,Messier 87 Black Hole,10,0,0,0,0,13,0,0,0,0
2023/2/12,Messier 87 Black Hole,9,0,0,0,0,28,0,0,0,0
2023/2/13,Messier 87 Black Hole,13,0,0,0,0,41,0,2001.887174,-2001.887174,2001.887174
2023/2/14,Messier 87 Black Hole,7,0,0,0,0,12,0,0,0,0
2023/2/15,Messier 87 Black Hole,11,0,0,0,0,38,0,0,0,0
2023/2/16,Messier 87 Black Hole,5,0,0,0,0,13,0,0,0,0
2023/2/17,Messier 87 Black Hole,2,0,0,0,0,10,0,0,0,0
2023/2/18,Messier 87 Black Hole,9,0,0,0,0,31,0,0,0,0
2023/2/19,Messier 87 Black Hole,3,0,0,0,0,11,0,0,0,0
2023/2/20,Messier 87 Black Hole,9,0,0,0,0,16,0,0,0,0
2023/2/21,Messier 87 Black Hole,8,0,0,0,0,7,0,0,0,0
2023/2/22,Messier 87 Black Hole,6,0,0,0,0,9,0,0,0,0
2023/2/23,Messier 87 Black Hole,1,0,0,0,0,2,0,0,0,0
2023/2/24,Messier 87 Black Hole,3,0,0.62,-0.62,0.62,10,0,0,0,0
2023/2/25,Messier 87 Black Hole,1,0,0,0,0,3,0,0,0,0
2023/2/26,Messier 87 Black Hole,8,0,0,0,0,13,0,0,0,0
2023/2/27,Messier 87 Black Hole,7,0,0,0,0,35,0,0,0,0
2023/2/28,Messier 87 Black Hole,4,0,0,0,0,11,0,0,0,0
2023/3/1,Messier 87 Black Hole,6,0,3.054774261,-3.054774261,3.054774261,21,5002.036944,5002.036944,0,10004.07389
2023/3/2,Messier 87 Black Hole,3,0,0.26,-0.26,0.26,15,0,0,0,0
2023/3/3,Messier 87 Black Hole,3,0,0.6,-0.6,0.6,5,0,0,0,0
2023/3/4,Messier 87 Black Hole,3,0,0.2,-0.2,0.2,15,0,0,0,0
2023/3/5,Messier 87 Black Hole,4,0,0,0,0,16,0,0,0,0
2023/3/6,Messier 87 Black Hole,1,0,3.3,-3.3,3.3,14,0,0,0,0
2023/3/7,Messier 87 Black Hole,9,0,0,0,0,30,0,0,0,0
2023/3/8,Messier 87 Black Hole,15,0,3.3,-3.3,3.3,104,0,0,0,0
2023/3/9,Messier 87 Black Hole,7,0,0,0,0,18,0,0,0,0
2023/3/10,Messier 87 Black Hole,11,0,0,0,0,26,0,0,0,0
2023/3/11,Messier 87 Black Hole,8,0,1.443156686,-1.443156686,1.443156686,27,2079.992558,2090.040832,-10.04827323,4170.03339
2023/3/12,Messier 87 Black Hole,1,0,0,0,0,23,0,0,0,0
2023/3/13,Messier 87 Black Hole,4,0,0,0,0,19,0,0,0,0
2023/3/14,Messier 87 Black Hole,6,0,1.440963437,-1.440963437,1.440963437,16,2507.444227,2507.444227,0,5014.888455
2023/3/15,Messier 87 Black Hole,2,0,0.628468629,-0.628468629,0.628468629,5,0,0,0,0
2023/3/16,Messier 87 Black Hole,8,0,0,0,0,14,0,0,0,0
2023/3/17,Messier 87 Black Hole,4,0,0,0,0,7,0,0,0,0
2023/3/18,Messier 87 Black Hole,3,0,0,0,0,7,0,0,0,0
2023/3/19,Messier 87 Black Hole,6,0,0,0,0,16,0,0,0,0
2023/3/20,Messier 87 Black Hole,5,0,0,0,0,12,0,0,0,0
2023/3/21,Messier 87 Black Hole,11,0,0,0,0,21,0,0,0,0
2023/3/22,Messier 87 Black Hole,2,0,0,0,0,11,0,0,0,0
2023/3/23,Messier 87 Black Hole,8,0,0.4,-0.4,0.4,20,0,0,0,0
2023/3/24,Messier 87 Black Hole,4,0,0,0,0,14,0,0,0,0
2023/3/25,Messier 87 Black Hole,18,0,0,0,0,22,0,0,0,0
2023/3/26,Messier 87 Black Hole,4,0,0,0,0,21,0,0,0,0
2023/3/27,Messier 87 Black Hole,1,0,0,0,0,17,0,0,0,0
2023/3/28,Messier 87 Black Hole,1,0,0,0,0,11,0,0,0,0
2023/3/29,Messier 87 Black Hole,2,0,0,0,0,11,0,0,0,0
2023/3/30,Messier 87 Black Hole,3,0,0,0,0,11,0,0,0,0
2023/3/31,Messier 87 Black Hole,6,0,0,0,0,11,0,0,0,0
2023/4/1,Messier 87 Black Hole,7,0,1,-1,1,20,0,0,0,0
2023/4/2,Messier 87 Black Hole,13,0,0.5,-0.5,0.5,8,0,0,0,0
2023/4/3,Messier 87 Black Hole,8,0,0,0,0,15,0,0,0,0
2023/4/4,Messier 87 Black Hole,5,0.490222442,0,0.490222442,0.490222442,12,0,0,0,0
2023/4/5,Messier 87 Black Hole,3,0,0,0,0,20,0,0,0,0
2023/4/6,Messier 87 Black Hole,13,0,0,0,0,24,4900.248408,253.8398691,4646.408539,5154.088277
2023/4/7,Messier 87 Black Hole,12,0,1.5,-1.5,1.5,12,0,4909.124658,-4909.124658,4909.124658
2023/4/8,Messier 87 Black Hole,2,0,0.2141,-0.2141,0.2141,7,0,0,0,0
2023/4/9,Messier 87 Black Hole,19,0,0,0,0,23,0,0,0,0
2023/4/10,Messier 87 Black Hole,3,0,0,0,0,3,0,0,0,0
2023/4/11,Messier 87 Black Hole,8,0,2.876279535,-2.876279535,2.876279535,10,4519.870128,4519.870128,0,9039.740257
2023/4/12,Messier 87 Black Hole,1,0,0,0,0,7,0,0,0,0
2023/4/13,Messier 87 Black Hole,7,0,0,0,0,7,0,0,0,0
2023/4/14,Messier 87 Black Hole,3,0,0,0,0,10,0,0,0,0
2023/4/15,Messier 87 Black Hole,3,0,0,0,0,3,0,0,0,0
2023/4/16,Messier 87 Black Hole,4,0,0.236,-0.236,0.236,11,0,0,0,0
2023/4/17,Messier 87 Black Hole,3,0,0,0,0,9,0,0,0,0
2023/4/18,Messier 87 Black Hole,3,0,0,0,0,4,0,0,0,0
2023/4/19,Messier 87 Black Hole,5,0,0,0,0,4,0,0,0,0
2023/4/20,Messier 87 Black Hole,8,0,0,0,0,16,0,0,0,0
2023/4/21,Messier 87 Black Hole,7,0,0,0,0,22,0,0,0,0
2023/4/22,Messier 87 Black Hole,7,0,0,0,0,10,0,0,0,0
2023/4/23,Messier 87 Black Hole,4,0,0,0,0,20,0,0,0,0
2023/4/24,Messier 87 Black Hole,6,0,0.77826925,-0.77826925,0.77826925,11,0,0,0,0
2023/4/25,Messier 87 Black Hole,5,0,0,0,0,10,0,0,0,0
2023/4/26,Messier 87 Black Hole,2,0,0,0,0,9,0,0,0,0
2023/4/27,Messier 87 Black Hole,3,0,0.265,-0.265,0.265,13,0,0,0,0
2023/4/28,Messier 87 Black Hole,6,0,0,0,0,8,0,0,0,0
2023/4/29,Messier 87 Black Hole,2,0,0,0,0,8,0,0,0,0
2023/4/30,Messier 87 Black Hole,4,0,0,0,0,3,0,0,0,0
2023/5/1,Messier 87 Black Hole,1,0,0,0,0,1,0,0,0,0
2023/5/2,Messier 87 Black Hole,7,0,0,0,0,4,0,0,0,0
2023/5/3,Messier 87 Black Hole,4,0,0,0,0,5,0,0,0,0
2023/5/4,Messier 87 Black Hole,2,0,0,0,0,3,0,0,0,0
2023/5/5,Messier 87 Black Hole,3,0,0,0,0,4,0,0,0,0
2023/5/6,Messier 87 Black Hole,2,0,0,0,0,5,0,0,0,0
2023/5/7,Messier 87 Black Hole,5,0,0.265,-0.265,0.265,15,0,0,0,0
2023/5/8,Messier 87 Black Hole,9,0,0.549221155,-0.549221155,0.549221155,21,1002.574333,1002.574333,0,2005.148667
2023/5/9,Messier 87 Black Hole,5,0,0,0,0,12,0,0,0,0
2023/5/10,Messier 87 Black Hole,6,0,0.22,-0.22,0.22,8,0,0,0,0
2023/5/11,Messier 87 Black Hole,6,0,1,-1,1,8,0,0,0,0
2023/5/12,Messier 87 Black Hole,4,0,0.056,-0.056,0.056,10,0,0,0,0
2023/5/13,Messier 87 Black Hole,2,0,0,0,0,5,0,0,0,0
2023/5/14,Messier 87 Black Hole,0,0,0,0,0,2,0,0,0,0
2023/5/15,Messier 87 Black Hole,1,0,0,0,0,5,0,0,0,0
2023/5/16,Messier 87 Black Hole,4,0,0,0,0,5,0,0,0,0
2023/5/17,Messier 87 Black Hole,2,0,0,0,0,10,0,0,0,0
2023/5/18,Messier 87 Black Hole,4,0,0,0,0,10,0,0,0,0
2023/5/19,Messier 87 Black Hole,6,0,0,0,0,17,0,0,0,0
2023/5/20,Messier 87 Black Hole,8,0,0,0,0,26,0,0,0,0
2023/5/21,Messier 87 Black Hole,6,0,0,0,0,11,0,0,0,0
2023/5/22,Messier 87 Black Hole,7,0,0,0,0,9,0,0,0,0
2023/5/23,Messier 87 Black Hole,45,0.2,2.7,-2.5,2.9,42,0,0,0,0
2023/5/24,Messier 87 Black Hole,11,0,0,0,0,38,0,0,0,0
2023/5/25,Messier 87 Black Hole,9,1.509231525,2.893313065,-1.384081539,4.40254459,13,0,0,0,0
2023/5/26,Messier 87 Black Hole,53,1.269592129,1,0.269592129,2.269592129,45,0,0,0,0
2023/5/27,Messier 87 Black Hole,10,0,0,0,0,13,0,0,0,0
2023/5/28,Messier 87 Black Hole,6,0,0,0,0,6,0,0,0,0
2023/5/29,Messier 87 Black Hole,2,0,0,0,0,5,0,0,0,0
2023/5/30,Messier 87 Black Hole,0,0,0,0,0,7,0,0,0,0
2023/5/31,Messier 87 Black Hole,5,0,0,0,0,9,0,0,0,0
2023/6/1,Messier 87 Black Hole,2,0,0,0,0,2,0,0,0,0
2023/6/2,Messier 87 Black Hole,1,0,0,0,0,5,0,0,0,0
2023/6/3,Messier 87 Black Hole,4,0,0,0,0,7,0,0,0,0
2023/6/4,Messier 87 Black Hole,0,0,0,0,0,4,0,0,0,0
2023/6/5,Messier 87 Black Hole,0,0,0,0,0,5,0,0,0,0
2023/6/6,Messier 87 Black Hole,0,0,0,0,0,0,0,0,0,0
2023/6/7,Messier 87 Black Hole,0,0,0,0,0,3,0,0,0,0
2023/6/8,Messier 87 Black Hole,7,0,1.087,-1.087,1.087,24,0,0,0,0
2023/6/9,Messier 87 Black Hole,4,0,0,0,0,11,0,0,0,0
2023/6/10,Messier 87 Black Hole,9,0.15,0.5,-0.35,0.65,12,0,0,0,0
2023/6/11,Messier 87 Black Hole,0,0,0,0,0,3,0,0,0,0
2023/6/12,Messier 87 Black Hole,5,0,0,0,0,17,0,0,0,0
2023/6/13,Messier 87 Black Hole,12,0,0.399742092,-0.399742092,0.399742092,8,0,0,0,0
2023/6/14,Messier 87 Black Hole,8,0,0,0,0,12,0,0,0,0
2023/6/15,Messier 87 Black Hole,7,0,0,0,0,8,0,0,0,0
2023/6/16,Messier 87 Black Hole,3,0,0,0,0,8,0,0,0,0
2023/6/17,Messier 87 Black Hole,3,0,0,0,0,8,0,0,0,0
2023/6/18,Messier 87 Black Hole,2,0,0.5,-0.5,0.5,28,0,0,0,0
2023/6/19,Messier 87 Black Hole,3,0,0,0,0,11,0,0,0,0
2023/6/20,Messier 87 Black Hole,5,0,0,0,0,3,0,0,0,0
2023/6/21,Messier 87 Black Hole,3,0,0,0,0,10,0,0,0,0
2023/6/22,Messier 87 Black Hole,1,0,0,0,0,13,0,0,0,0
2023/6/23,Messier 87 Black Hole,0,0,0,0,0,1,0,0,0,0
2023/6/24,Messier 87 Black Hole,1,0,0,0,0,9,0,0,0,0
2023/6/25,Messier 87 Black Hole,3,0,0,0,0,2,0,0,0,0
2023/6/26,Messier 87 Black Hole,3,0,0,0,0,9,0,0,0,0
2023/6/27,Messier 87 Black Hole,3,0,0,0,0,12,0,0,0,0
2023/6/28,Messier 87 Black Hole,3,0,0,0,0,11,0,0,0,0
2023/6/29,Messier 87 Black Hole,3,0,0,0,0,5,0,0,0,0
2023/6/30,Messier 87 Black Hole,10,0,0,0,0,19,0,0,0,0
2023/7/1,Messier 87 Black Hole,4,0,0,0,0,11,0,0,0,0
2023/7/2,Messier 87 Black Hole,0,0,0,0,0,5,0,0,0,0
2023/7/3,Messier 87 Black Hole,0,0,0,0,0,4,0,0,0,0
2023/7/4,Messier 87 Black Hole,2,0,0,0,0,3,0,0,0,0
2023/7/5,Messier 87 Black Hole,2,0,0.12,-0.12,0.12,3,0,0,0,0
2023/7/6,Messier 87 Black Hole,2,0,0,0,0,10,0,0,0,0
2023/7/7,Messier 87 Black Hole,2,0,1.074379277,-1.074379277,1.074379277,3,0,0,0,0
2023/7/8,Messier 87 Black Hole,2,0,0,0,0,5,0,0,0,0
2023/7/9,Messier 87 Black Hole,2,0,0,0,0,9,0,0,0,0
2023/7/10,Messier 87 Black Hole,0,0,0,0,0,6,0,0,0,0
2023/7/11,Messier 87 Black Hole,0,0,0,0,0,2,0,0,0,0
2023/7/12,Messier 87 Black Hole,2,0,0,0,0,8,0,0,0,0
2023/7/13,Messier 87 Black Hole,9,0,0,0,0,3,0,0,0,0
2023/7/14,Messier 87 Black Hole,0,0,0,0,0,3,0,0,0,0
2023/7/15,Messier 87 Black Hole,5,0,0,0,0,7,0,0,0,0
2023/7/16,Messier 87 Black Hole,2,0,0,0,0,6,0,0,0,0
2023/7/17,Messier 87 Black Hole,1,0,0,0,0,0,0,0,0,0
2023/7/18,Messier 87 Black Hole,1,0,0,0,0,4,0,0,0,0
2023/7/19,Messier 87 Black Hole,0,0,0,0,0,3,0,0,0,0
2023/7/20,Messier 87 Black Hole,5,0,0,0,0,13,0,0,0,0
2023/7/21,Messier 87 Black Hole,0,0,0,0,0,5,0,0,0,0
2023/7/22,Messier 87 Black Hole,2,0,0,0,0,12,0,0,0,0
2023/7/23,Messier 87 Black Hole,3,0,0,0,0,10,0,0,0,0
2023/7/24,Messier 87 Black Hole,0,0,0,0,0,7,0,0,0,0
2023/7/25,Messier 87 Black Hole,3,0,0,0,0,11,0,0,0,0
2023/7/26,Messier 87 Black Hole,3,0,0,0,0,2,0,0,0,0
2023/7/27,Messier 87 Black Hole,4,0,0,0,0,10,0,0,0,0
2023/7/28,Messier 87 Black Hole,2,0,0,0,0,8,0,0,0,0
2023/7/29,Messier 87 Black Hole,12,0,0,0,0,12,0,0,0,0
2023/7/30,Messier 87 Black Hole,7,0,0,0,0,15,0,0,0,0
2023/7/31,Messier 87 Black Hole,25,0,0,0,0,34,0,0,0,0
2023/8/1,Messier 87 Black Hole,84,0.499401646,0,0.499401646,0.499401646,86,0,0,0,0
2023/8/2,Messier 87 Black Hole,23,0,0,0,0,22,0,0,0,0
2023/8/3,Messier 87 Black Hole,16,0,0,0,0,16,0,0,0,0
2023/8/4,Messier 87 Black Hole,14,0,0,0,0,15,0,0,0,0
2023/8/5,Messier 87 Black Hole,108,0,0,0,0,167,0,0,0,0
2023/8/6,Messier 87 Black Hole,63,1,1,0,2,63,0,0,0,0
2023/8/7,Messier 87 Black Hole,541,64.31223421,90,-25.68776579,154.3122342,275,0,0,0,0
2023/8/8,Messier 87 Black Hole,54,0,3.46,-3.46,3.46,31,3012.54427,2998.3595,14.18477005,6010.90377
2023/8/9,Messier 87 Black Hole,17,0,0.14,-0.14,0.14,11,0,0,0,0
2023/8/10,Messier 87 Black Hole,342,11,18.27630878,-7.276308779,29.27630878,1009,0,0,0,0
2023/8/11,Messier 87 Black Hole,180,0,0,0,0,424,0,0,0,0
2023/8/12,Messier 87 Black Hole,72,0,1.5,-1.5,1.5,165,0,0,0,0
2023/8/13,Messier 87 Black Hole,96,0,0.2705,-0.2705,0.2705,125,0,0,0,0
2023/8/14,Messier 87 Black Hole,49,0,0,0,0,115,0,0,0,0
2023/8/15,Messier 87 Black Hole,57,0,0,0,0,212,0,0,0,0
2023/8/16,Messier 87 Black Hole,40,0,0,0,0,110,0,0,0,0
2023/8/17,Messier 87 Black Hole,57,0,0.13,-0.13,0.13,113,0,0,0,0
2023/8/18,Messier 87 Black Hole,32,0,0,0,0,64,0,0,0,0
2023/8/19,Messier 87 Black Hole,24,0,0,0,0,72,0,0,0,0
2023/8/20,Messier 87 Black Hole,19,0,0,0,0,31,0,0,0,0
2023/8/21,Messier 87 Black Hole,18,0,0,0,0,29,0,0,0,0
2023/8/22,Messier 87 Black Hole,19,0,0,0,0,35,0,0,0,0
2023/8/23,Messier 87 Black Hole,32,0,0,0,0,43,0,0,0,0
2023/8/24,Messier 87 Black Hole,21,0,0.2,-0.2,0.2,43,0,0,0,0
2023/8/25,Messier 87 Black Hole,13,0,0,0,0,42,0,0,0,0
2023/8/26,Messier 87 Black Hole,14,0,0.01149497,-0.01149497,0.01149497,30,0,0,0,0
2023/8/27,Messier 87 Black Hole,17,0,0.04510784,-0.04510784,0.04510784,35,0,0,0,0
2023/8/28,Messier 87 Black Hole,9,0,0,0,0,24,0,0,0,0
2023/8/29,Messier 87 Black Hole,8,0,0,0,0,26,0,0,0,0
2023/8/30,Messier 87 Black Hole,22,0,0,0,0,43,0,0,0,0
2023/8/31,Messier 87 Black Hole,46,0.11,0,0.11,0.11,66,0,0,0,0
2023/9/1,Messier 87 Black Hole,37,0,0,0,0,86,0,0,0,0
2023/9/2,Messier 87 Black Hole,9,0,0,0,0,20,0,0,0,0
2023/9/3,Messier 87 Black Hole,8,0,0,0,0,17,0,0,0,0
2023/9/4,Messier 87 Black Hole,10,0,0,0,0,16,0,0,0,0
2023/9/5,Messier 87 Black Hole,9,0,0,0,0,12,0,0,0,0
2023/9/6,Messier 87 Black Hole,6,0,0,0,0,13,0,0,0,0
2023/9/7,Messier 87 Black Hole,5,0,0,0,0,8,0,0,0,0
2023/9/8,Messier 87 Black Hole,2,0,0,0,0,6,0,0,0,0
2023/9/9,Messier 87 Black Hole,3,0,0,0,0,10,0,0,0,0
2023/9/10,Messier 87 Black Hole,2,0,0,0,0,3,0,0,0,0
2023/9/11,Messier 87 Black Hole,1,0,0,0,0,7,0,0,0,0
2023/9/12,Messier 87 Black Hole,4,0,0,0,0,7,0,0,0,0
2023/9/13,Messier 87 Black Hole,1,0,0,0,0,3,0,0,0,0
2023/9/14,Messier 87 Black Hole,115,0,0,0,0,308,0,0,0,0
2023/9/15,Messier 87 Black Hole,42,0,0,0,0,66,0,0,0,0
2023/9/16,Messier 87 Black Hole,9,0,0,0,0,29,0,0,0,0
2023/9/17,Messier 87 Black Hole,4,0,0,0,0,15,0,0,0,0
2023/9/18,Messier 87 Black Hole,7,0,0,0,0,29,0,0,0,0
2023/9/19,Messier 87 Black Hole,9,0,0,0,0,27,0,0,0,0
2023/9/20,Messier 87 Black Hole,6,0,0,0,0,13,0,0,0,0
2023/9/21,Messier 87 Black Hole,7,0,0,0,0,14,0,0,0,0
2023/9/22,Messier 87 Black Hole,13,0,0,0,0,16,0,0,0,0
2023/9/23,Messier 87 Black Hole,7,0,0,0,0,11,0,0,0,0
2023/9/24,Messier 87 Black Hole,10,0,0,0,0,22,0,0,0,0
2023/9/25,Messier 87 Black Hole,17,0,0,0,0,19,0,0,0,0
2023/9/26,Messier 87 Black Hole,16,0,0,0,0,25,0,0,0,0
2023/9/27,Messier 87 Black Hole,6,0,0,0,0,26,0,0,0,0
2023/9/28,Messier 87 Black Hole,4,0,0,0,0,10,0,0,0,0
2023/9/29,Messier 87 Black Hole,12,0,0,0,0,26,0,0,0,0
2023/9/30,Messier 87 Black Hole,22,0,1,-1,1,32,0,0,0,0
2023/10/1,Messier 87 Black Hole,6,0,0,0,0,27,0,0,0,0
2023/10/2,Messier 87 Black Hole,9,0,0,0,0,8,0,0,0,0
2023/10/3,Messier 87 Black Hole,9,0,0,0,0,18,0,0,0,0
2023/10/4,Messier 87 Black Hole,10,0,0,0,0,22,0,0,0,0
2023/10/5,Messier 87 Black Hole,16,0,0,0,0,36,0,0,0,0
2023/10/6,Messier 87 Black Hole,34,0,0,0,0,36,0,0,0,0
2023/10/7,Messier 87 Black Hole,4,0,0,0,0,15,0,0,0,0
2023/10/8,Messier 87 Black Hole,5,0,0,0,0,10,0,0,0,0
2023/10/9,Messier 87 Black Hole,6,0,0,0,0,12,0,0,0,0
2023/10/10,Messier 87 Black Hole,8,0,0,0,0,15,0,0,0,0
2023/10/11,Messier 87 Black Hole,6,0,0,0,0,23,0,0,0,0
2023/10/12,Messier 87 Black Hole,10,0,0,0,0,21,0,0,0,0
2023/10/13,Messier 87 Black Hole,9,0,0,0,0,25,0,0,0,0
2023/10/14,Messier 87 Black Hole,3,0,0,0,0,10,0,0,0,0
2023/10/15,Messier 87 Black Hole,5,0,0,0,0,10,0,0,0,0
2023/10/16,Messier 87 Black Hole,22,0,0,0,0,21,0,0,0,0
2023/10/17,Messier 87 Black Hole,10,0,0,0,0,12,0,0,0,0
2023/10/18,Messier 87 Black Hole,12,0,0,0,0,18,0,0,0,0
2023/10/19,Messier 87 Black Hole,7,0,0,0,0,21,0,0,0,0
2023/10/20,Messier 87 Black Hole,13,0,0,0,0,23,0,0,0,0
2023/10/21,Messier 87 Black Hole,11,0,0,0,0,40,0,0,0,0
2023/10/22,Messier 87 Black Hole,5,0,0,0,0,6,0,0,0,0
2023/10/23,Messier 87 Black Hole,3,0,0,0,0,8,0,0,0,0
2023/10/24,Messier 87 Black Hole,7,0,0,0,0,13,0,0,0,0
2023/10/25,Messier 87 Black Hole,6,0,0,0,0,14,0,0,0,0
2023/10/26,Messier 87 Black Hole,18,0,0,0,0,18,0,0,0,0
2023/10/27,Messier 87 Black Hole,5,0,0,0,0,12,0,0,0,0
2023/10/28,Messier 87 Black Hole,5,0,0,0,0,11,0,0,0,0
2023/10/29,Messier 87 Black Hole,5,0,0,0,0,13,0,0,0,0
2023/10/30,Messier 87 Black Hole,7,0,0,0,0,25,0,0,0,0
2023/10/31,Messier 87 Black Hole,35,0,0,0,0,54,0,0,0,0
2023/11/1,Messier 87 Black Hole,30,0,0,0,0,37,0,0,0,0
2023/11/2,Messier 87 Black Hole,8,0,0,0,0,14,0,0,0,0
2023/11/3,Messier 87 Black Hole,8,0,0,0,0,17,0,0,0,0
2023/11/4,Messier 87 Black Hole,8,0,0,0,0,17,0,0,0,0
2023/11/5,Messier 87 Black Hole,5,0,0,0,0,21,0,0,0,0
2023/11/6,Messier 87 Black Hole,2,0,0,0,0,12,0,0,0,0
2023/11/7,Messier 87 Black Hole,1,0,0,0,0,14,0,0,0,0
2023/11/8,Messier 87 Black Hole,7,0,0,0,0,23,0,0,0,0
2023/11/9,Messier 87 Black Hole,5,0,0,0,0,15,0,0,0,0
2023/11/10,Messier 87 Black Hole,12,0,0,0,0,16,0,0,0,0
2023/11/11,Messier 87 Black Hole,13,0,0,0,0,21,0,0,0,0
2023/11/12,Messier 87 Black Hole,6,0,0,0,0,8,0,0,0,0
2023/11/13,Messier 87 Black Hole,6,0,0,0,0,13,0,0,0,0
2023/11/14,Messier 87 Black Hole,10,0,0,0,0,17,0,0,0,0
2023/11/15,Messier 87 Black Hole,2,0,0,0,0,13,0,0,0,0
2023/11/16,Messier 87 Black Hole,8,0,0,0,0,28,0,0,0,0
2023/11/17,Messier 87 Black Hole,6,0,0,0,0,19,0,0,0,0
2023/11/18,Messier 87 Black Hole,2,0,0,0,0,16,0,0,0,0
2023/11/19,Messier 87 Black Hole,2,0,0,0,0,11,0,0,0,0
2023/11/20,Messier 87 Black Hole,5,0,0,0,0,8,0,0,0,0
2023/11/21,Messier 87 Black Hole,7,0,0,0,0,10,0,0,0,0
2023/11/22,Messier 87 Black Hole,1,0,0,0,0,20,0,0,0,0
2023/11/23,Messier 87 Black Hole,1,0,0,0,0,16,0,0,0,0
2023/11/24,Messier 87 Black Hole,6,0,0,0,0,12,0,0,0,0
2023/11/25,Messier 87 Black Hole,4,0,0,0,0,16,0,0,0,0
2023/11/26,Messier 87 Black Hole,1,0,0,0,0,17,0,0,0,0
2023/11/27,Messier 87 Black Hole,6,0,0,0,0,16,0,0,0,0
2023/11/28,Messier 87 Black Hole,7,0,0,0,0,13,0,0,0,0
2023/11/29,Messier 87 Black Hole,15,0,0,0,0,17,0,0,0,0
2023/11/30,Messier 87 Black Hole,13,0,0,0,0,28,0,0,0,0
2023/12/1,Messier 87 Black Hole,7,0,0,0,0,16,0,0,0,0
2023/12/2,Messier 87 Black Hole,4,0,0,0,0,19,0,0,0,0
2023/12/3,Messier 87 Black Hole,9,0,0,0,0,12,0,0,0,0
2023/12/4,Messier 87 Black Hole,13,0,0,0,0,33,0,0,0,0
2023/12/5,Messier 87 Black Hole,17,0,0,0,0,20,0,0,0,0
2023/12/6,Messier 87 Black Hole,11,0,0,0,0,21,0,0,0,0
2023/12/7,Messier 87 Black Hole,6,0,0,0,0,10,0,0,0,0
2023/12/8,Messier 87 Black Hole,5,0,0,0,0,11,0,0,0,0
2023/12/9,Messier 87 Black Hole,19,0,0,0,0,14,0,0,0,0
2023/12/10,Messier 87 Black Hole,7,0,0,0,0,10,0,0,0,0
2023/12/11,Messier 87 Black Hole,6,0,0,0,0,8,0,0,0,0
2023/12/12,Messier 87 Black Hole,4,0,0,0,0,9,0,0,0,0
2023/12/13,Messier 87 Black Hole,6,0,0,0,0,15,0,0,0,0
2023/12/14,Messier 87 Black Hole,1,0,0,0,0,2,0,0,0,0
2023/12/15,Messier 87 Black Hole,7,0,0,0,0,13,0,0,0,0
2023/12/16,Messier 87 Black Hole,2,0,0,0,0,3,0,0,0,0
2023/12/17,Messier 87 Black Hole,2,0,0,0,0,10,0,0,0,0
2023/12/18,Messier 87 Black Hole,3,0,0,0,0,7,0,0,0,0
2023/12/19,Messier 87 Black Hole,4,0,0,0,0,13,0,0,0,0
2023/12/20,Messier 87 Black Hole,0,0,0,0,0,5,0,0,0,0
2023/12/21,Messier 87 Black Hole,6,0,0,0,0,11,0,0,0,0
2023/12/22,Messier 87 Black Hole,1,0,0,0,0,15,0,0,0,0
2023/12/23,Messier 87 Black Hole,7,0,0,0,0,27,0,0,0,0
2023/12/24,Messier 87 Black Hole,10,0,0,0,0,33,0,0,0,0
2023/12/25,Messier 87 Black Hole,23,0,0,0,0,38,0,0,0,0
2023/12/26,Messier 87 Black Hole,12,0,0,0,0,43,0,0,0,0
2023/12/27,Messier 87 Black Hole,15,0,0,0,0,63,0,0,0,0
2023/12/28,Messier 87 Black Hole,24,0,0,0,0,51,0,0,0,0
2023/12/29,Messier 87 Black Hole,81,0,0.548166358,-0.548166358,0.548166358,375,0,0,0,0
2023/12/30,Messier 87 Black Hole,64,0,0,0,0,211,0,0,0,0
2023/12/31,Messier 87 Black Hole,39,0,0,0,0,136,0,0,0,0
2024/1/1,Messier 87 Black Hole,59,0.054,0,0.054,0.054,246,0,0,0,0
2024/1/2,Messier 87 Black Hole,70,0,0,0,0,154,0,0,0,0
2024/1/3,Messier 87 Black Hole,79,0,0,0,0,314,0,0,0,0
2024/1/4,Messier 87 Black Hole,37,0,0,0,0,187,0,0,0,0
2024/1/5,Messier 87 Black Hole,35,0,0,0,0,148,0,0,0,0
2024/1/6,Messier 87 Black Hole,35,0,0,0,0,120,0,0,0,0
2024/1/7,Messier 87 Black Hole,64,0,0,0,0,322,0,0,0,0
2024/1/8,Messier 87 Black Hole,44,0,0,0,0,153,0,0,0,0
2024/1/9,Messier 87 Black Hole,79,0.5,2.5,-2,3,124,0,0,0,0
2024/1/10,Messier 87 Black Hole,42,0,0,0,0,77,0,0,0,0
2024/1/11,Messier 87 Black Hole,44,0,0,0,0,98,0,0,0,0
2024/1/12,Messier 87 Black Hole,143,0,0,0,0,112,0,0,0,0
2024/1/13,Messier 87 Black Hole,223,0,0.3,-0.3,0.3,175,0,0,0,0
2024/1/14,Messier 87 Black Hole,81,0,0,0,0,95,0,0,0,0
2024/1/15,Messier 87 Black Hole,69,0,0,0,0,141,0,0,0,0
2024/1/16,Messier 87 Black Hole,165,0,0,0,0,70,0,0,0,0
2024/1/17,Messier 87 Black Hole,575,0,0,0,0,61,0,0,0,0
2024/1/18,Messier 87 Black Hole,128,0,0,0,0,98,0,0,0,0
2024/1/19,Messier 87 Black Hole,83,0,0,0,0,86,0,0,0,0
2024/1/20,Messier 87 Black Hole,72,0,0,0,0,100,0,0,0,0
2024/1/21,Messier 87 Black Hole,139,0,0,0,0,47,0,0,0,0
2024/1/22,Messier 87 Black Hole,48,0,0,0,0,73,0,0,0,0
2024/1/23,Messier 87 Black Hole,61,0,0,0,0,50,0,0,0,0
2024/1/24,Messier 87 Black Hole,60,0,0,0,0,105,0,0,0,0
2024/1/25,Messier 87 Black Hole,51,0,0,0,0,42,0,0,0,0
2024/1/26,Messier 87 Black Hole,42,0,0,0,0,54,0,0,0,0
2024/1/27,Messier 87 Black Hole,15,0,0,0,0,19,0,0,0,0
2024/1/28,Messier 87 Black Hole,34,0,0,0,0,31,0,0,0,0
2024/1/29,Messier 87 Black Hole,38,0,0,0,0,44,0,0,0,0
2024/1/30,Messier 87 Black Hole,17,0,0,0,0,26,0,0,0,0
2024/1/31,Messier 87 Black Hole,64,0,1.2,-1.2,1.2,51,0,0,0,0
2024/2/1,Messier 87 Black Hole,23,0,0,0,0,37,0,0,0,0
2024/2/2,Messier 87 Black Hole,15,0,0,0,0,27,0,0,0,0
2024/2/3,Messier 87 Black Hole,22,0,0,0,0,23,0,0,0,0
2024/2/4,Messier 87 Black Hole,25,0,0,0,0,28,0,0,0,0
2024/2/5,Messier 87 Black Hole,15,0,0,0,0,17,0,0,0,0
2024/2/6,Messier 87 Black Hole,29,0,0,0,0,27,0,0,0,0
2024/2/7,Messier 87 Black Hole,10,0,0,0,0,14,0,0,0,0
2024/2/8,Messier 87 Black Hole,17,0,0,0,0,23,0,0,0,0
2024/2/9,Messier 87 Black Hole,6,0,0,0,0,25,0,0,0,0
2024/2/10,Messier 87 Black Hole,10,0,0,0,0,24,0,0,0,0
2024/2/11,Messier 87 Black Hole,15,0,0,0,0,30,0,0,0,0
2024/2/12,Messier 87 Black Hole,12,0,0,0,0,57,0,0,0,0
2024/2/13,Messier 87 Black Hole,33,0,0,0,0,70,0,0,0,0
2024/2/14,Messier 87 Black Hole,24,0,0,0,0,35,0,0,0,0
2024/2/15,Messier 87 Black Hole,47,0,0,0,0,50,0,0,0,0
2024/2/16,Messier 87 Black Hole,24,0,0,0,0,40,0,0,0,0
2024/2/17,Messier 87 Black Hole,21,0,0,0,0,33,0,0,0,0
2024/2/18,Messier 87 Black Hole,23,0.248869864,0,0.248869864,0.248869864,56,0,0,0,0
2024/2/19,Messier 87 Black Hole,20,0,0.412244,-0.412244,0.412244,30,0,0,0,0
2024/2/20,Messier 87 Black Hole,29,0,0,0,0,43,0,0,0,0
2024/2/21,Messier 87 Black Hole,15,0,0,0,0,21,0,0,0,0
2024/2/22,Messier 87 Black Hole,10,0,0,0,0,12,0,0,0,0
2024/2/23,Messier 87 Black Hole,22,0,0.05,-0.05,0.05,29,0,0,0,0
2024/2/24,Messier 87 Black Hole,24,0,0,0,0,28,0,0,0,0
2024/2/25,Messier 87 Black Hole,20,0,0,0,0,52,0,0,0,0
2024/2/26,Messier 87 Black Hole,18,0,0,0,0,51,0,0,0,0
2024/2/27,Messier 87 Black Hole,15,0,0,0,0,34,0,0,0,0
2024/2/28,Messier 87 Black Hole,13,0,0,0,0,32,0,0,0,0
2024/2/29,Messier 87 Black Hole,17,0.1,0,0.1,0.1,33,0,0,0,0
2024/3/1,Messier 87 Black Hole,20,0,0,0,0,35,0,0,0,0
2024/3/2,Messier 87 Black Hole,28,0,0,0,0,57,0,0,0,0
2024/3/3,Messier 87 Black Hole,32,0,0,0,0,39,0,0,0,0
2024/3/4,Messier 87 Black Hole,63,0,0,0,0,115,0,0,0,0
2024/3/5,Messier 87 Black Hole,45,0,0,0,0,139,0,0,0,0
2024/3/6,Messier 87 Black Hole,53,0,0,0,0,230,0,0,0,0
2024/3/7,Messier 87 Black Hole,69,0,0,0,0,242,0,0,0,0
2024/3/8,Messier 87 Black Hole,44,0.010516984,0,0.010516984,0.010516984,121,0,0,0,0
2024/3/9,Messier 87 Black Hole,76,0,0,0,0,180,0,0,0,0
2024/3/10,Messier 87 Black Hole,87,0,0,0,0,250,1972.775498,0,1972.775498,1972.775498
2024/3/11,Messier 87 Black Hole,57,0,2.5,-2.5,2.5,123,0,0,0,0
2024/3/12,Messier 87 Black Hole,31,0,0,0,0,67,0,0,0,0
2024/3/13,Messier 87 Black Hole,83,0.1,0,0.1,0.1,105,0,0,0,0
2024/3/14,Messier 87 Black Hole,24,0,0,0,0,68,0,0,0,0
2024/3/15,Messier 87 Black Hole,24,0,0,0,0,53,0,0,0,0
2024/3/16,Messier 87 Black Hole,20,0,0,0,0,48,0,0,0,0
2024/3/17,Messier 87 Black Hole,40,0,0,0,0,71,0,0,0,0
2024/3/18,Messier 87 Black Hole,36,0,0,0,0,72,0,0,0,0
2024/3/19,Messier 87 Black Hole,33,0,0,0,0,67,0,0,0,0
2024/3/20,Messier 87 Black Hole,41,0.2,0.2,0,0.4,59,0,0,0,0
2024/3/21,Messier 87 Black Hole,30,0,0,0,0,36,0,0,0,0
2024/3/22,Messier 87 Black Hole,31,0,0,0,0,58,0,0,0,0
2024/3/23,Messier 87 Black Hole,42,0,0,0,0,45,0,0,0,0
2024/3/24,Messier 87 Black Hole,38,0,0,0,0,65,0,0,0,0
2024/3/25,Messier 87 Black Hole,7,0,0,0,0,44,0,0,0,0
2024/3/26,Messier 87 Black Hole,24,0,0,0,0,40,0,0,0,0
2024/3/27,Messier 87 Black Hole,16,0,0,0,0,35,0,0,0,0
2024/3/28,Messier 87 Black Hole,33,0,0,0,0,47,0,0,0,0
2024/3/29,Messier 87 Black Hole,24,0,0,0,0,46,0,0,0,0
2024/3/30,Messier 87 Black Hole,15,0,0,0,0,32,0,0,0,0
2024/3/31,Messier 87 Black Hole,18,0,0,0,0,33,0,0,0,0
2024/4/1,Messier 87 Black Hole,18,0,0,0,0,31,0,0,0,0
2024/4/2,Messier 87 Black Hole,13,0,0,0,0,13,0,0,0,0
2024/4/3,Messier 87 Black Hole,19,0.551287101,1.151287101,-0.6,1.702574202,39,0,0,0,0
2024/4/4,Messier 87 Black Hole,19,0,0,0,0,34,0,0,0,0
2024/4/5,Messier 87 Black Hole,18,0,0,0,0,27,0,0,0,0
2024/4/6,Messier 87 Black Hole,20,0,0,0,0,24,0,0,0,0
2024/4/7,Messier 87 Black Hole,6,0,0,0,0,20,0,0,0,0
2024/4/8,Messier 87 Black Hole,10,0,0,0,0,27,0,0,0,0
2024/4/9,Messier 87 Black Hole,17,0,0,0,0,20,0,0,0,0
2024/4/10,Messier 87 Black Hole,15,0,0,0,0,20,0,0,0,0
2024/4/11,Messier 87 Black Hole,13,0,0,0,0,22,0,0,0,0
2024/4/12,Messier 87 Black Hole,19,0,0,0,0,35,0,0,0,0
2024/4/13,Messier 87 Black Hole,18,0,0,0,0,27,0,0,0,0
2024/4/14,Messier 87 Black Hole,11,0,0,0,0,19,0,0,0,0
2024/4/15,Messier 87 Black Hole,9,0,0,0,0,21,0,0,0,0
2024/4/16,Messier 87 Black Hole,13,0,0,0,0,26,0,0,0,0
2024/4/17,Messier 87 Black Hole,7,0,0,0,0,18,0,0,0,0
2024/4/18,Messier 87 Black Hole,4,0,0,0,0,12,0,0,0,0
2024/4/19,Messier 87 Black Hole,9,0,0,0,0,26,0,0,0,0
2024/4/20,Messier 87 Black Hole,8,0,0,0,0,13,0,0,0,0
2024/4/21,Messier 87 Black Hole,9,0,0,0,0,11,0,0,0,0
2024/4/22,Messier 87 Black Hole,6,0,0,0,0,12,0,0,0,0
2024/4/23,Messier 87 Black Hole,7,0,0,0,0,21,0,0,0,0
2024/4/24,Messier 87 Black Hole,12,0,0,0,0,15,0,0,0,0
2024/4/25,Messier 87 Black Hole,11,0,0,0,0,20,0,0,0,0
2024/4/26,Messier 87 Black Hole,10,0,0,0,0,27,0,0,0,0
2024/4/27,Messier 87 Black Hole,9,0,0,0,0,20,0,0,0,0
2024/4/28,Messier 87 Black Hole,10,0,0,0,0,8,0,0,0,0
2024/4/29,Messier 87 Black Hole,13,0,0,0,0,28,0,0,0,0
2024/4/30,Messier 87 Black Hole,4,0,0,0,0,17,0,0,0,0
2024/5/1,Messier 87 Black Hole,3,0,0,0,0,16,0,0,0,0
2024/5/2,Messier 87 Black Hole,7,0,0,0,0,18,0,0,0,0
2024/5/3,Messier 87 Black Hole,9,0,0,0,0,17,0,0,0,0
2024/5/4,Messier 87 Black Hole,4,0,0,0,0,11,0,0,0,0
2024/5/5,Messier 87 Black Hole,8,0,0,0,0,19,0,0,0,0
2024/5/6,Messier 87 Black Hole,3,0,0,0,0,13,0,0,0,0
2024/5/7,Messier 87 Black Hole,4,0,0,0,0,5,0,0,0,0
2024/5/8,Messier 87 Black Hole,14,0,0,0,0,5,0,0,0,0
2024/5/9,Messier 87 Black Hole,7,0,0,0,0,31,0,0,0,0
2024/5/10,Messier 87 Black Hole,11,0,0,0,0,41,0,0,0,0
2024/5/11,Messier 87 Black Hole,7,0,0,0,0,21,0,0,0,0
2024/5/12,Messier 87 Black Hole,5,0,0,0,0,18,0,0,0,0
2024/5/13,Messier 87 Black Hole,8,0,0,0,0,15,0,0,0,0
2024/5/14,Messier 87 Black Hole,16,0,0,0,0,27,0,0,0,0
2024/5/15,Messier 87 Black Hole,4,0,0,0,0,27,0,0,0,0
2024/5/16,Messier 87 Black Hole,10,0,0,0,0,25,0,0,0,0
2024/5/17,Messier 87 Black Hole,25,0,0.1,-0.1,0.1,30,0,0,0,0
2024/5/18,Messier 87 Black Hole,4,0,0,0,0,19,0,0,0,0
2024/5/19,Messier 87 Black Hole,11,0,0,0,0,25,0,0,0,0
2024/5/20,Messier 87 Black Hole,8,0,0,0,0,15,0,0,0,0
2024/5/21,Messier 87 Black Hole,10,0,0,0,0,20,0,0,0,0
2024/5/22,Messier 87 Black Hole,6,0,0,0,0,16,0,0,0,0
2024/5/23,Messier 87 Black Hole,12,0,0,0,0,19,0,0,0,0
2024/5/24,Messier 87 Black Hole,4,0,0,0,0,11,0,0,0,0
2024/5/25,Messier 87 Black Hole,5,0,0,0,0,9,0,0,0,0
2024/5/26,Messier 87 Black Hole,14,0,0,0,0,18,0,0,0,0
2024/5/27,Messier 87 Black Hole,6,0,0,0,0,9,0,0,0,0
2024/5/28,Messier 87 Black Hole,6,0,0,0,0,11,0,0,0,0
2024/5/29,Messier 87 Black Hole,17,0,0,0,0,20,0,0,0,0
2024/5/30,Messier 87 Black Hole,3,0,0,0,0,14,0,0,0,0
2024/5/31,Messier 87 Black Hole,8,0,0,0,0,12,0,0,0,0
2024/6/1,Messier 87 Black Hole,8,0,0,0,0,11,0,0,0,0
2024/6/2,Messier 87 Black Hole,10,0,0,0,0,16,0,0,0,0
2024/6/3,Messier 87 Black Hole,7,0,0,0,0,9,0,0,0,0
2024/6/4,Messier 87 Black Hole,6,0,0,0,0,7,0,0,0,0
2024/6/5,Messier 87 Black Hole,8,0,0,0,0,13,0,0,0,0
2024/6/6,Messier 87 Black Hole,2,0,0,0,0,8,0,0,0,0
2024/6/7,Messier 87 Black Hole,2,0,0,0,0,30,0,0,0,0
2024/6/8,Messier 87 Black Hole,9,0,0,0,0,20,0,0,0,0
2024/6/9,Messier 87 Black Hole,6,0,0,0,0,22,0,0,0,0
2024/6/10,Messier 87 Black Hole,9,0,0,0,0,25,0,0,0,0
2024/6/11,Messier 87 Black Hole,5,0,0,0,0,13,0,0,0,0
2024/6/12,Messier 87 Black Hole,3,0,0,0,0,17,0,0,0,0
2024/6/13,Messier 87 Black Hole,1,0,0,0,0,12,0,0,0,0
2024/6/14,Messier 87 Black Hole,2,0,0,0,0,7,0,0,0,0
2024/6/15,Messier 87 Black Hole,5,0,0,0,0,12,0,0,0,0
2024/6/16,Messier 87 Black Hole,4,0,0,0,0,10,0,0,0,0
2024/6/17,Messier 87 Black Hole,11,0,0,0,0,11,0,0,0,0
2024/6/18,Messier 87 Black Hole,4,0,0,0,0,7,0,0,0,0
2024/6/19,Messier 87 Black Hole,4,0,0,0,0,14,0,0,0,0
2024/6/20,Messier 87 Black Hole,14,0,0,0,0,14,0,0,0,0
2024/6/21,Messier 87 Black Hole,6,0,0,0,0,14,0,0,0,0
2024/6/22,Messier 87 Black Hole,3,0,0,0,0,7,0,0,0,0
2024/6/23,Messier 87 Black Hole,7,0,0,0,0,10,0,0,0,0
2024/6/24,Messier 87 Black Hole,6,0,0,0,0,13,0,0,0,0
2024/6/25,Messier 87 Black Hole,4,0,0,0,0,10,0,0,0,0
2024/6/26,Messier 87 Black Hole,5,0,0,0,0,12,0,0,0,0
2024/6/27,Messier 87 Black Hole,9,0,0,0,0,16,0,0,0,0
2024/6/28,Messier 87 Black Hole,9,0,0,0,0,42,0,0,0,0
2024/6/29,Messier 87 Black Hole,6,0,0,0,0,8,0,0,0,0
2024/6/30,Messier 87 Black Hole,6,0,0,0,0,11,0,0,0,0
2024/7/1,Messier 87 Black Hole,3,0,0,0,0,23,0,0,0,0
2024/7/2,Messier 87 Black Hole,23,0,0,0,0,100,0,0,0,0
2024/7/3,Messier 87 Black Hole,17,0,0,0,0,27,0,0,0,0
2024/7/4,Messier 87 Black Hole,9,0,0,0,0,18,0,0,0,0
2024/7/5,Messier 87 Black Hole,8,0,0,0,0,16,0,0,0,0
2024/7/6,Messier 87 Black Hole,3,0,0,0,0,13,0,0,0,0
2024/7/7,Messier 87 Black Hole,7,0,0,0,0,27,0,0,0,0
2024/7/8,Messier 87 Black Hole,15,0,0,0,0,98,0,0,0,0
2024/7/9,Messier 87 Black Hole,22,0,0,0,0,79,0,0,0,0
2024/7/10,Messier 87 Black Hole,18,0,0,0,0,35,0,0,0,0
2024/7/11,Messier 87 Black Hole,19,0,0,0,0,63,0,0,0,0
2024/7/12,Messier 87 Black Hole,18,0,0,0,0,52,0,0,0,0
2024/7/13,Messier 87 Black Hole,17,0,0,0,0,34,0,0,0,0
2024/7/14,Messier 87 Black Hole,14,0,0,0,0,30,0,0,0,0
2024/7/15,Messier 87 Black Hole,35,0,0,0,0,115,0,0,0,0
2024/7/16,Messier 87 Black Hole,56,0,0,0,0,117,0,0,0,0
2024/7/17,Messier 87 Black Hole,45,0.026356854,0,0.026356854,0.026356854,65,0,0,0,0
2024/7/18,Messier 87 Black Hole,46,0,0,0,0,134,0,0,0,0
2024/7/19,Messier 87 Black Hole,59,0.5,0.53122571,-0.03122571,1.03122571,93,0,14.19879469,-14.19879469,14.19879469
2024/7/20,Messier 87 Black Hole,16,0,0,0,0,51,0,0,0,0
2024/7/21,Messier 87 Black Hole,31,0,0,0,0,53,0,0,0,0
2024/7/22,Messier 87 Black Hole,47,0,0,0,0,46,0,0,0,0
2024/7/23,Messier 87 Black Hole,57,0,0,0,0,102,0,0,0,0
2024/7/24,Messier 87 Black Hole,15,0,0,0,0,34,0,0,0,0
2024/7/25,Messier 87 Black Hole,22,0,0,0,0,32,0,0,0,0
2024/7/26,Messier 87 Black Hole,33,0,0,0,0,59,0,0,0,0
2024/7/27,Messier 87 Black Hole,21,0,0,0,0,34,0,0,0,0
2024/7/28,Messier 87 Black Hole,15,0,0.48,-0.48,0.48,23,0,0,0,0
2024/7/29,Messier 87 Black Hole,15,0,0,0,0,41,0,0,0,0
2024/7/30,Messier 87 Black Hole,13,0,0,0,0,31,0,0,0,0
2024/7/31,Messier 87 Black Hole,20,0,0,0,0,18,0,0,0,0
2024/8/1,Messier 87 Black Hole,13,0,0,0,0,59,0,0,0,0
2024/8/2,Messier 87 Black Hole,21,0,0,0,0,87,0,0,0,0
2024/8/3,Messier 87 Black Hole,27,0,0,0,0,61,0,0,0,0
2024/8/4,Messier 87 Black Hole,20,0,0,0,0,49,0,0,0,0
2024/8/5,Messier 87 Black Hole,18,0.0123836,0,0.0123836,0.0123836,70,0,0,0,0
2024/8/6,Messier 87 Black Hole,45,0.8019952,0,0.8019952,0.8019952,84,0,0,0,0
2024/8/7,Messier 87 Black Hole,14,0,0,0,0,38,0,0,0,0
2024/8/8,Messier 87 Black Hole,27,0,0,0,0,67,0,0,0,0
2024/8/9,Messier 87 Black Hole,39,0.2,0.715022786,-0.515022786,0.915022786,42,0,0,0,0
2024/8/10,Messier 87 Black Hole,7,0,0,0,0,21,0,0,0,0
2024/8/11,Messier 87 Black Hole,10,0,0,0,0,25,0,0,0,0
2024/8/12,Messier 87 Black Hole,12,0,0,0,0,15,0,0,0,0
2024/8/13,Messier 87 Black Hole,6,0,0,0,0,26,0,0,0,0
2024/8/14,Messier 87 Black Hole,9,0,0,0,0,26,0,0,0,0
2024/8/15,Messier 87 Black Hole,19,0,0,0,0,23,0,0,0,0
2024/8/16,Messier 87 Black Hole,6,0,0,0,0,19,0,0,0,0
2024/8/17,Messier 87 Black Hole,12,0,0,0,0,14,0,0,0,0
2024/8/18,Messier 87 Black Hole,13,0,0,0,0,15,0,0,0,0
2024/8/19,Messier 87 Black Hole,19,0,0,0,0,37,0,0,0,0
2024/8/20,Messier 87 Black Hole,15,0,0,0,0,49,0,0,0,0
2024/8/21,Messier 87 Black Hole,42,0,0,0,0,79,0,0,0,0
2024/8/22,Messier 87 Black Hole,27,0,0,0,0,54,0,0,0,0
2024/8/23,Messier 87 Black Hole,23,0,0,0,0,76,0,0,0,0
2024/8/24,Messier 87 Black Hole,46,0,0,0,0,108,0,0,0,0
2024/8/25,Messier 87 Black Hole,32,0,0,0,0,51,0,0,0,0
2024/8/26,Messier 87 Black Hole,22,0,0,0,0,42,0,0,0,0
2024/8/27,Messier 87 Black Hole,21,0,0,0,0,46,0,0,0,0
2024/8/28,Messier 87 Black Hole,60,0.021234252,0.021161949,7.23E-05,0.042396201,187,0,0,0,0
2024/8/29,Messier 87 Black Hole,14,0,0,0,0,46,0,0,0,0
2024/8/30,Messier 87 Black Hole,17,0,0,0,0,32,0,0,0,0
2024/8/31,Messier 87 Black Hole,53,0,0,0,0,21,0,0,0,0
2024/9/1,Messier 87 Black Hole,31,0,0,0,0,52,0,0,0,0
2024/9/2,Messier 87 Black Hole,9,0,0,0,0,22,0,0,0,0
2024/9/3,Messier 87 Black Hole,15,0,0,0,0,27,0,0,0,0
2024/9/4,Messier 87 Black Hole,10,0,0,0,0,37,0,0,0,0
2024/9/5,Messier 87 Black Hole,10,0,0,0,0,41,0,0,0,0
2024/9/6,Messier 87 Black Hole,26,0,0,0,0,53,0,0,0,0
2024/9/7,Messier 87 Black Hole,20,0,0,0,0,29,0,0,0,0
2024/9/8,Messier 87 Black Hole,10,0,0,0,0,33,0,0,0,0
2024/9/9,Messier 87 Black Hole,13,0,0,0,0,43,0,0,0,0
2024/9/10,Messier 87 Black Hole,19,0,0,0,0,70,0,0,0,0
2024/9/11,Messier 87 Black Hole,27,0,0,0,0,55,0,0,0,0
2024/9/12,Messier 87 Black Hole,41,0,0,0,0,101,0,0,0,0
2024/9/13,Messier 87 Black Hole,119,0,0,0,0,404,0,0,0,0
2024/9/14,Messier 87 Black Hole,82,0,0,0,0,144,0,0,0,0
2024/9/15,Messier 87 Black Hole,72,0,0,0,0,115,0,0,0,0
2024/9/16,Messier 87 Black Hole,25,0,0,0,0,80,0,0,0,0
2024/9/17,Messier 87 Black Hole,39,0,0,0,0,86,0,0,0,0
2024/9/18,Messier 87 Black Hole,55,0,0,0,0,51,0,0,0,0
2024/9/19,Messier 87 Black Hole,36,0,0,0,0,94,0,0,0,0
2024/9/20,Messier 87 Black Hole,64,0,0,0,0,186,0,0,0,0
2024/9/21,Messier 87 Black Hole,119,0,0,0,0,264,0,0,0,0
2024/9/22,Messier 87 Black Hole,40,0,0,0,0,89,0,0,0,0
2024/9/23,Messier 87 Black Hole,65,0.001838593,0,0.001838593,0.001838593,225,0,0,0,0
2024/9/24,Messier 87 Black Hole,127,0.222602315,0.484762502,-0.262160188,0.707364817,398,0,0,0,0
2024/9/25,Messier 87 Black Hole,129,0,0,0,0,337,0,0,0,0
2024/9/26,Messier 87 Black Hole,82,0,0,0,0,188,0,0,0,0
2024/9/27,Messier 87 Black Hole,56,0,0,0,0,178,0,0,0,0
2024/9/28,Messier 87 Black Hole,64,0,0,0,0,175,0,0,0,0
2024/9/29,Messier 87 Black Hole,35,0,0,0,0,130,0,0,0,0
2024/9/30,Messier 87 Black Hole,36,0,0,0,0,110,0,0,0,0
2024/10/1,Messier 87 Black Hole,41,0,0,0,0,140,0,0,0,0
2024/10/2,Messier 87 Black Hole,37,0,0,0,0,125,0,0,0,0
2024/10/3,Messier 87 Black Hole,25,0,0,0,0,103,0,0,0,0
2024/10/4,Messier 87 Black Hole,34,0,0,0,0,123,0,0,0,0
2024/10/5,Messier 87 Black Hole,62,0,0,0,0,116,0,0,0,0
2024/10/6,Messier 87 Black Hole,34,0,0,0,0,100,0,0,0,0
2024/10/7,Messier 87 Black Hole,30,0,0,0,0,100,0,0,0,0
2024/10/8,Messier 87 Black Hole,18,0,0,0,0,71,0,0,0,0
2024/10/9,Messier 87 Black Hole,20,0,0,0,0,59,0,0,0,0
2024/10/10,Messier 87 Black Hole,31,0,0,0,0,94,0,0,0,0
2024/10/11,Messier 87 Black Hole,34,0,0,0,0,80,0,0,0,0
2024/10/12,Messier 87 Black Hole,31,0,0,0,0,55,0,0,0,0
2024/10/13,Messier 87 Black Hole,28,0,0,0,0,103,0,0,0,0
2024/10/14,Messier 87 Black Hole,26,0,0,0,0,82,0,0,0,0
2024/10/15,Messier 87 Black Hole,39,0,0,0,0,157,0,0,0,0
2024/10/16,Messier 87 Black Hole,45,0,0,0,0,168,0,0,0,0
2024/10/17,Messier 87 Black Hole,33,0,0,0,0,65,0,0,0,0
2024/10/18,Messier 87 Black Hole,24,0,0,0,0,48,0,0,0,0
2024/10/19,Messier 87 Black Hole,20,0,0,0,0,80,0,0,0,0
2024/10/20,Messier 87 Black Hole,27,0,0,0,0,75,0,0,0,0
2024/10/21,Messier 87 Black Hole,19,0,0,0,0,58,0,0,0,0
2024/10/22,Messier 87 Black Hole,22,0,0,0,0,60,0,0,0,0
2024/10/23,Messier 87 Black Hole,21,0,0,0,0,85,0,0,0,0
2024/10/24,Messier 87 Black Hole,20,0,0,0,0,92,0,0,0,0
2024/10/25,Messier 87 Black Hole,21,0,0,0,0,66,0,0,0,0
2024/10/26,Messier 87 Black Hole,52,0,0.0101,-0.0101,0.0101,68,0,0,0,0
2024/10/27,Messier 87 Black Hole,10,0,0,0,0,33,0,0,0,0
2024/10/28,Messier 87 Black Hole,20,0,0,0,0,68,0,0,0,0
2024/10/29,Messier 87 Black Hole,53,0,0,0,0,159,0,0,0,0
2024/10/30,Messier 87 Black Hole,27,0,0,0,0,80,0,0,0,0
2024/10/31,Messier 87 Black Hole,17,0,0,0,0,54,0,0,0,0
2024/11/1,Messier 87 Black Hole,9,0,0,0,0,40,0,0,0,0
2024/11/2,Messier 87 Black Hole,21,0,0,0,0,64,0,0,0,0
2024/11/3,Messier 87 Black Hole,11,0,0,0,0,55,0,0,0,0
2024/11/4,Messier 87 Black Hole,17,0,0,0,0,78,0,0,0,0
2024/11/5,Messier 87 Black Hole,29,0,0,0,0,118,0,0,0,0
2024/11/6,Messier 87 Black Hole,24,0,0,0,0,167,0,0,0,0
2024/11/7,Messier 87 Black Hole,76,0,0,0,0,249,0,0,0,0
2024/11/8,Messier 87 Black Hole,121,0,0,0,0,335,0,0,0,0
2024/11/9,Messier 87 Black Hole,107,0,0,0,0,265,0,0,0,0
2024/11/10,Messier 87 Black Hole,97,0,0,0,0,338,0,0,0,0
2024/11/11,Messier 87 Black Hole,147,0,0,0,0,351,0,0,0,0
2024/11/12,Messier 87 Black Hole,81,0,0,0,0,236,0,0,0,0
2024/11/13,Messier 87 Black Hole,93,0,0,0,0,216,0,0,0,0
2024/11/14,Messier 87 Black Hole,175,0,0,0,0,694,0,0,0,0
2024/11/15,Messier 87 Black Hole,227,0,0,0,0,784,0,0,0,0
2024/11/16,Messier 87 Black Hole,140,0,0,0,0,457,0,0,0,0
2024/11/17,Messier 87 Black Hole,136,0,0,0,0,368,0,0,0,0
2024/11/18,Messier 87 Black Hole,85,0,0,0,0,205,0,0,0,0
2024/11/19,Messier 87 Black Hole,86,0,0,0,0,202,0,0,0,0
2024/11/20,Messier 87 Black Hole,138,0,0,0,0,483,0,0,0,0
2024/11/21,Messier 87 Black Hole,306,0,0,0,0,1149,0,0,0,0
2024/11/22,Messier 87 Black Hole,173,0.09146,0,0.09146,0.09146,483,0,0,0,0
2024/11/23,Messier 87 Black Hole,127,0,0,0,0,461,0,0,0,0
2024/11/24,Messier 87 Black Hole,136,0,0,0,0,306,0,0,0,0
2024/11/25,Messier 87 Black Hole,106,0,0,0,0,297,0,0,0,0
2024/11/26,Messier 87 Black Hole,91,0,0,0,0,321,0,0,0,0
2024/11/27,Messier 87 Black Hole,115,0,0,0,0,225,0,0,0,0
2024/11/28,Messier 87 Black Hole,85,0,0,0,0,229,0,0,0,0
2024/11/29,Messier 87 Black Hole,116,0,0,0,0,287,0,0,0,0
2024/11/30,Messier 87 Black Hole,156,0,0,0,0,264,0,0,0,0
2024/12/1,Messier 87 Black Hole,236,0,0,0,0,337,0,0,0,0
2024/12/2,Messier 87 Black Hole,118,0,0,0,0,241,0,0,0,0
2024/12/3,Messier 87 Black Hole,118,0,0,0,0,236,0,0,0,0
2024/12/4,Messier 87 Black Hole,174,0,0,0,0,345,0,0,0,0
2024/12/5,Messier 87 Black Hole,125,0,0,0,0,268,0,0,0,0
2024/12/6,Messier 87 Black Hole,82,0,0,0,0,175,0,0,0,0
2024/12/7,Messier 87 Black Hole,107,0,0,0,0,241,0,0,0,0
2024/12/8,Messier 87 Black Hole,85,0,0,0,0,197,0,0,0,0
2024/12/9,Messier 87 Black Hole,87,0,0,0,0,166,0,0,0,0
2024/12/10,Messier 87 Black Hole,162,0,0,0,0,418,0,0,0,0
2024/12/11,Messier 87 Black Hole,191,0,0,0,0,501,0,0,0,0
2024/12/12,Messier 87 Black Hole,190,0,0,0,0,361,0,0,0,0
2024/12/13,Messier 87 Black Hole,121,0,0,0,0,207,0,0,0,0
2024/12/14,Messier 87 Black Hole,142,0,0,0,0,194,0,0,0,0
2024/12/15,Messier 87 Black Hole,119,0,1,-1,1,243,0,0,0,0
2024/12/16,Messier 87 Black Hole,82,0,0,0,0,182,0,0,0,0
2024/12/17,Messier 87 Black Hole,77,0,0,0,0,181,0,0,0,0
2024/12/18,Messier 87 Black Hole,90,0,0,0,0,183,0,0,0,0
2024/12/19,Messier 87 Black Hole,108,0,0,0,0,299,0,0,0,0
2024/12/20,Messier 87 Black Hole,91,0,0,0,0,314,0,0,0,0
2024/12/21,Messier 87 Black Hole,80,0,0,0,0,240,0,0,0,0
2024/12/22,Messier 87 Black Hole,63,0,0,0,0,146,0,0,0,0
2024/12/23,Messier 87 Black Hole,116,0,0,0,0,294,0,0,0,0
2024/12/24,Messier 87 Black Hole,85,0,0,0,0,165,0,0,0,0
2024/12/25,Messier 87 Black Hole,66,0,0,0,0,121,0,0,0,0
2024/12/26,Messier 87 Black Hole,55,0,0,0,0,144,0,0,0,0
2024/12/27,Messier 87 Black Hole,69,0,0,0,0,166,0,0,0,0
2024/12/28,Messier 87 Black Hole,55,0,0,0,0,123,0,0,0,0
2024/12/29,Messier 87 Black Hole,72,0,0,0,0,210,0,0,0,0
2024/12/30,Messier 87 Black Hole,56,0,0,0,0,121,0,0,0,0
2024/12/31,Messier 87 Black Hole,60,0,0,0,0,144,0,0,0,0
2025/1/1,Messier 87 Black Hole,53,0,0,0,0,113,0,0,0,0
2025/1/2,Messier 87 Black Hole,63,0,0,0,0,148,0,0,0,0
2025/1/3,Messier 87 Black Hole,56,0,0,0,0,92,0,0,0,0
2025/1/4,Messier 87 Black Hole,89,0,0,0,0,132,0,0,0,0
2025/1/5,Messier 87 Black Hole,73,0,0,0,0,136,0,0,0,0
2025/1/6,Messier 87 Black Hole,49,0,0,0,0,103,0,0,0,0
2025/1/7,Messier 87 Black Hole,68,0,0,0,0,146,0,0,0,0
2025/1/8,Messier 87 Black Hole,73,0,0,0,0,200,0,0,0,0
2025/1/9,Messier 87 Black Hole,67,0,0,0,0,169,0,0,0,0
2025/1/10,Messier 87 Black Hole,62,0,0,0,0,177,0,0,0,0
2025/1/11,Messier 87 Black Hole,42,0,0,0,0,105,0,0,0,0
2025/1/12,Messier 87 Black Hole,55,0,0,0,0,131,0,0,0,0
2025/1/13,Messier 87 Black Hole,177,4.139377255,0,4.139377255,4.139377255,305,0,0,0,0
2025/1/14,Messier 87 Black Hole,69,0,0,0,0,187,0,0,0,0
2025/1/15,Messier 87 Black Hole,92,0,0,0,0,262,0,0,0,0
2025/1/16,Messier 87 Black Hole,85,0,0,0,0,197,0,0,0,0
2025/1/17,Messier 87 Black Hole,83,0,0,0,0,128,0,0,0,0
2025/1/18,Messier 87 Black Hole,94,0,0,0,0,185,0,0,0,0
2025/1/19,Messier 87 Black Hole,77,0,0,0,0,262,0,0,0,0
2025/1/20,Messier 87 Black Hole,84,0,0,0,0,162,0,0,0,0
2025/1/21,Messier 87 Black Hole,76,0,0,0,0,248,0,0,0,0
2025/1/22,Messier 87 Black Hole,75,0,0,0,0,164,0,0,0,0
2025/1/23,Messier 87 Black Hole,53,0,0,0,0,136,0,0,0,0
2025/1/24,Messier 87 Black Hole,62,0,0,0,0,127,0,0,0,0
2025/1/25,Messier 87 Black Hole,65,0,0,0,0,93,0,0,0,0
2025/1/26,Messier 87 Black Hole,84,0,0,0,0,158,0,0,0,0
2025/1/27,Messier 87 Black Hole,65,0,0,0,0,169,0,0,0,0
2025/1/28,Messier 87 Black Hole,59,0,0,0,0,123,0,0,0,0
2025/1/29,Messier 87 Black Hole,60,0,0,0,0,128,0,0,0,0
2025/1/30,Messier 87 Black Hole,52,0,0,0,0,150,0,0,0,0
2025/1/31,Messier 87 Black Hole,88,0,0,0,0,200,0,0,0,0
2025/2/1,Messier 87 Black Hole,70,0,0,0,0,148,0,0,0,0
2025/2/2,Messier 87 Black Hole,58,0,0,0,0,189,0,0,0,0
2025/2/3,Messier 87 Black Hole,73,0,0,0,0,174,0,0,0,0
2025/2/4,Messier 87 Black Hole,88,0,0,0,0,168,0,0,0,0
2025/2/5,Messier 87 Black Hole,48,0,0,0,0,86,0,0,0,0
2025/2/6,Messier 87 Black Hole,86,0,0,0,0,165,0,0,0,0
2025/2/7,Messier 87 Black Hole,49,0,0,0,0,109,0,0,0,0
2025/2/8,Messier 87 Black Hole,58,0,0,0,0,117,0,0,0,0
2025/2/9,Messier 87 Black Hole,72,0,0,0,0,107,0,0,0,0
2025/2/10,Messier 87 Black Hole,46,0,0,0,0,143,0,0,0,0
2025/2/11,Messier 87 Black Hole,80,0,0,0,0,148,0,0,0,0
2025/2/12,Messier 87 Black Hole,65,0,0,0,0,151,0,0,0,0
2025/2/13,Messier 87 Black Hole,131,0,0,0,0,539,0,0,0,0
2025/2/14,Messier 87 Black Hole,267,0,0,0,0,831,0,0,0,0
2025/2/15,Messier 87 Black Hole,120,0,0,0,0,403,0,0,0,0
2025/2/16,Messier 87 Black Hole,134,0,0,0,0,323,0,0,0,0
2025/2/17,Messier 87 Black Hole,210,0,0,0,0,633,0,0,0,0
2025/2/18,Messier 87 Black Hole,158,0,0,0,0,427,0,0,0,0
2025/2/19,Messier 87 Black Hole,321,0.009225502,0,0.009225502,0.009225502,645,0,0,0,0
2025/2/20,Messier 87 Black Hole,297,0,0,0,0,839,0,0,0,0
2025/2/21,Messier 87 Black Hole,178,0,0,0,0,572,0,0,0,0
2025/2/22,Messier 87 Black Hole,153,0,0,0,0,297,0,0,0,0
2025/2/23,Messier 87 Black Hole,132,0,0,0,0,240,0,0,0,0
2025/2/24,Messier 87 Black Hole,153,0,0,0,0,447,0,0,0,0
2025/2/25,Messier 87 Black Hole,148,0,0,0,0,448,0,0,0,0
2025/2/26,Messier 87 Black Hole,117,0,0,0,0,330,0,0,0,0
2025/2/27,Messier 87 Black Hole,103,0,0,0,0,244,0,0,0,0
2025/2/28,Messier 87 Black Hole,127,0,0,0,0,453,0,0,0,0
2025/3/1,Messier 87 Black Hole,88,0,0,0,0,220,0,0,0,0
2025/3/2,Messier 87 Black Hole,73,0,0,0,0,229,0,0,0,0
2025/3/3,Messier 87 Black Hole,93,0,0,0,0,272,0,0,0,0
2025/3/4,Messier 87 Black Hole,98,0,0,0,0,370,0,0,0,0
2025/3/5,Messier 87 Black Hole,75,0,0,0,0,191,0,0,0,0
2025/3/6,Messier 87 Black Hole,79,0,0,0,0,208,0,0,0,0
2025/3/7,Messier 87 Black Hole,120,0,0,0,0,346,0,0,0,0
2025/3/8,Messier 87 Black Hole,53,0,0,0,0,148,0,0,0,0
2025/3/9,Messier 87 Black Hole,74,0,0,0,0,268,0,0,0,0
2025/3/10,Messier 87 Black Hole,117,0,0,0,0,406,0,0,0,0
2025/3/11,Messier 87 Black Hole,104,0,0,0,0,273,0,0,0,0
2025/3/12,Messier 87 Black Hole,72,0,0,0,0,192,0,0,0,0
2025/3/13,Messier 87 Black Hole,59,0,0,0,0,147,0,0,0,0
2025/3/14,Messier 87 Black Hole,46,0,0,0,0,139,0,0,0,0
2025/3/15,Messier 87 Black Hole,59,0,0,0,0,99,0,0,0,0
2025/3/16,Messier 87 Black Hole,56,0,0,0,0,91,0,0,0,0
2025/3/17,Messier 87 Black Hole,28,0,0,0,0,73,0,0,0,0
2025/3/18,Messier 87 Black Hole,78,0,0,0,0,180,0,0,0,0
2025/3/19,Messier 87 Black Hole,65,0,0,0,0,245,0,0,0,0
2025/3/20,Messier 87 Black Hole,56,0,0,0,0,137,0,0,0,0
2025/3/21,Messier 87 Black Hole,40,0,0,0,0,181,0,0,0,0
2025/3/22,Messier 87 Black Hole,78,0,0,0,0,229,0,0,0,0
2025/3/23,Messier 87 Black Hole,69,0,0,0,0,159,0,0,0,0
2025/3/24,Messier 87 Black Hole,73,0,0,0,0,210,0,0,0,0
2025/3/25,Messier 87 Black Hole,137,0,0,0,0,295,0,0,0,0
2025/3/26,Messier 87 Black Hole,251,0,0,0,0,262,0,0,0,0
2025/3/27,Messier 87 Black Hole,65,0,0,0,0,138,0,0,0,0
2025/3/28,Messier 87 Black Hole,70,0,0,0,0,124,0,0,0,0
2025/3/29,Messier 87 Black Hole,63,0,0,0,0,172,0,0,0,0
2025/3/30,Messier 87 Black Hole,44,0,0,0,0,123,0,0,0,0
2025/3/31,Messier 87 Black Hole,67,0,0,0,0,193,0,0,0,0
2025/4/1,Messier 87 Black Hole,53,0,0,0,0,121,0,0,0,0
2025/4/2,Messier 87 Black Hole,105,0,0,0,0,170,0,0,0,0
2025/4/3,Messier 87 Black Hole,64,0,0,0,0,132,0,0,0,0
2025/4/4,Messier 87 Black Hole,50,0,0,0,0,113,0,0,0,0
2025/4/5,Messier 87 Black Hole,36,0,0,0,0,75,0,0,0,0
2025/4/6,Messier 87 Black Hole,68,0,0,0,0,179,0,0,0,0
2025/4/7,Messier 87 Black Hole,50,0,0,0,0,226,0,0,0,0
2025/4/8,Messier 87 Black Hole,41,0,0,0,0,107,0,0,0,0
2025/4/9,Messier 87 Black Hole,81,0,0,0,0,246,0,0,0,0
2025/4/10,Messier 87 Black Hole,60,0,0,0,0,119,0,0,0,0
2025/4/11,Messier 87 Black Hole,90,0,0,0,0,136,0,0,0,0
2025/4/12,Messier 87 Black Hole,46,0,0,0,0,108,0,0,0,0
2025/4/13,Messier 87 Black Hole,35,0,0,0,0,71,0,0,0,0
2025/4/14,Messier 87 Black Hole,45,0,0,0,0,92,0,0,0,0
2025/4/15,Messier 87 Black Hole,61,0,0,0,0,79,0,0,0,0
2025/4/16,Messier 87 Black Hole,28,0,0,0,0,82,0,0,0,0
2025/4/17,Messier 87 Black Hole,28,0,0,0,0,80,0,0,0,0
2025/4/18,Messier 87 Black Hole,30,0,0,0,0,75,0,0,0,0
2025/4/19,Messier 87 Black Hole,42,0,0,0,0,73,0,0,0,0
2025/4/20,Messier 87 Black Hole,54,0,0,0,0,113,0,0,0,0
2025/4/21,Messier 87 Black Hole,43,0,0,0,0,110,0,0,0,0
2025/4/22,Messier 87 Black Hole,97,0,0,0,0,196,0,0,0,0
2025/4/23,Messier 87 Black Hole,129,0,0,0,0,219,0,0,0,0
2025/4/24,Messier 87 Black Hole,69,0,0,0,0,122,0,0,0,0
2025/4/25,Messier 87 Black Hole,68,0,0,0,0,152,0,0,0,0
2025/4/26,Messier 87 Black Hole,72,0,0,0,0,121,0,0,0,0
2025/4/27,Messier 87 Black Hole,48,0,0,0,0,88,0,0,0,0
2025/4/28,Messier 87 Black Hole,54,0,0,0,0,100,0,0,0,0
2025/4/29,Messier 87 Black Hole,63,0,0,0,0,97,0,0,0,0
2025/4/30,Messier 87 Black Hole,40,0,0,0,0,86,0,0,0,0
2025/5/1,Messier 87 Black Hole,53,0,0,0,0,110,0,0,0,0
2025/5/2,Messier 87 Black Hole,49,0,0,0,0,134,0,0,0,0
2025/5/3,Messier 87 Black Hole,53,0,0,0,0,191,0,0,0,0
2025/5/4,Messier 87 Black Hole,39,0,0,0,0,81,0,0,0,0
2025/5/5,Messier 87 Black Hole,52,0,0,0,0,107,0,0,0,0
2025/5/6,Messier 87 Black Hole,64,0,0,0,0,91,0,0,0,0
2025/5/7,Messier 87 Black Hole,49,0,0,0,0,87,0,0,0,0
2025/5/8,Messier 87 Black Hole,81,0,0,0,0,162,0,0,0,0
2025/5/9,Messier 87 Black Hole,75,0,0,0,0,172,0,0,0,0
2025/5/10,Messier 87 Black Hole,79,0,0,0,0,193,0,0,0,0
2025/5/11,Messier 87 Black Hole,56,0,0,0,0,126,0,0,0,0
2025/5/12,Messier 87 Black Hole,65,0,0,0,0,115,0,0,0,0
2025/5/13,Messier 87 Black Hole,71,0,0,0,0,118,0,0,0,0
2025/5/14,Messier 87 Black Hole,49,0,0,0,0,87,0,0,0,0
2025/5/15,Messier 87 Black Hole,57,0,0,0,0,114,0,0,0,0
2025/5/16,Messier 87 Black Hole,44,0,0,0,0,139,0,0,0,0
2025/5/17,Messier 87 Black Hole,48,0,0,0,0,146,0,0,0,0
2025/5/18,Messier 87 Black Hole,30,0,0,0,0,109,0,0,0,0
2025/5/19,Messier 87 Black Hole,74,0,0,0,0,160,0,0,0,0
2025/5/20,Messier 87 Black Hole,46,0,0,0,0,105,0,0,0,0
2025/5/21,Messier 87 Black Hole,53,0,0,0,0,104,0,0,0,0
2025/5/22,Messier 87 Black Hole,95,0,0,0,0,202,0,0,0,0
2025/5/23,Messier 87 Black Hole,61,0,0,0,0,186,0,0,0,0
2025/5/24,Messier 87 Black Hole,75,0,0,0,0,167,0,0,0,0
2025/5/25,Messier 87 Black Hole,79,0,0,0,0,113,0,0,0,0
2025/5/26,Messier 87 Black Hole,73,0,0,0,0,124,0,0,0,0
2025/5/27,Messier 87 Black Hole,68,0,0,0,0,132,0,0,0,0
2025/5/28,Messier 87 Black Hole,42,0,0,0,0,86,0,0,0,0
2025/5/29,Messier 87 Black Hole,49,0,0,0,0,124,0,0,0,0
2025/5/30,Messier 87 Black Hole,61,0,0,0,0,130,0,0,0,0
2025/5/31,Messier 87 Black Hole,70,0,0,0,0,174,0,0,0,0
2025/6/1,Messier 87 Black Hole,47,0,0,0,0,98,0,0,0,0
2025/6/2,Messier 87 Black Hole,44,0,0,0,0,86,0,0,0,0
2025/6/3,Messier 87 Black Hole,51,0,0,0,0,93,0,0,0,0
2025/6/4,Messier 87 Black Hole,55,0,0,0,0,102,0,0,0,0
2025/6/5,Messier 87 Black Hole,53,0,0,0,0,107,0,0,0,0
2025/6/6,Messier 87 Black Hole,60,0,0,0,0,113,0,0,0,0
2025/6/7,Messier 87 Black Hole,40,0,0,0,0,61,0,0,0,0
2025/6/8,Messier 87 Black Hole,52,0,0,0,0,83,0,0,0,0
2025/6/9,Messier 87 Black Hole,111,0,0,0,0,228,0,0,0,0
2025/6/10,Messier 87 Black Hole,92,0,0,0,0,206,0,0,0,0
2025/6/11,Messier 87 Black Hole,106,0,0,0,0,171,0,0,0,0
2025/6/12,Messier 87 Black Hole,155,0,0,0,0,111,0,0,0,0
2025/6/13,Messier 87 Black Hole,54,0,0,0,0,111,0,0,0,0
2025/6/14,Messier 87 Black Hole,59,0,0,0,0,85,0,0,0,0
2025/6/15,Messier 87 Black Hole,44,0,0,0,0,68,0,0,0,0
2025/6/16,Messier 87 Black Hole,52,0,0,0,0,65,0,0,0,0
2025/6/17,Messier 87 Black Hole,92,0,0,0,0,154,0,0,0,0
2025/6/18,Messier 87 Black Hole,47,0,0,0,0,85,0,0,0,0
2025/6/19,Messier 87 Black Hole,69,0,0,0,0,169,0,0,0,0
2025/6/20,Messier 87 Black Hole,46,0,0,0,0,151,0,0,0,0
2025/6/21,Messier 87 Black Hole,53,0,0,0,0,81,0,0,0,0
2025/6/22,Messier 87 Black Hole,64,0,0,0,0,121,0,0,0,0
2025/6/23,Messier 87 Black Hole,53,0,0,0,0,106,0,0,0,0
2025/6/24,Messier 87 Black Hole,57,0,0,0,0,97,0,0,0,0
2025/6/25,Messier 87 Black Hole,50,0,0,0,0,108,0,0,0,0
2025/6/26,Messier 87 Black Hole,110,0,0,0,0,280,0,0,0,0
2025/6/27,Messier 87 Black Hole,38,0,0,0,0,116,0,0,0,0
2025/6/28,Messier 87 Black Hole,37,0,0,0,0,90,0,0,0,0
2025/6/29,Messier 87 Black Hole,36,0,0,0,0,75,0,0,0,0
2025/6/30,Messier 87 Black Hole,44,0,0,0,0,81,0,0,0,0
2025/7/1,Messier 87 Black Hole,51,0,0,0,0,62,0,0,0,0
2025/7/2,Messier 87 Black Hole,27,0,0,0,0,66,0,0,0,0
2025/7/3,Messier 87 Black Hole,32,0,0,0,0,78,0,0,0,0
2025/7/4,Messier 87 Black Hole,45,0,0,0,0,71,0,0,0,0
2025/7/5,Messier 87 Black Hole,34,0,0,0,0,53,0,0,0,0
2025/7/6,Messier 87 Black Hole,39,0,0,0,0,67,0,0,0,0
2025/7/7,Messier 87 Black Hole,42,0,0,0,0,59,0,0,0,0
2025/7/8,Messier 87 Black Hole,77,0,0,0,0,212,0,0,0,0
2025/7/9,Messier 87 Black Hole,129,0,0,0,0,367,0,0,0,0
2025/7/10,Messier 87 Black Hole,100,0.033331737,0,0.033331737,0.033331737,216,0,0,0,0
2025/7/11,Messier 87 Black Hole,117,0,0,0,0,215,0,0,0,0
2025/7/12,Messier 87 Black Hole,51,0.01,0,0.01,0.01,99,0,0,0,0
2025/7/13,Messier 87 Black Hole,61,0,0,0,0,161,0,0,0,0
2025/7/14,Messier 87 Black Hole,79,0,0,0,0,150,0,0,0,0
2025/7/15,Messier 87 Black Hole,88,0,0,0,0,185,0,0,0,0
2025/7/16,Messier 87 Black Hole,123,0,0,0,0,307,0,0,0,0
2025/7/17,Messier 87 Black Hole,164,0,0,0,0,194,0,0,0,0
2025/7/18,Messier 87 Black Hole,127,0,0,0,0,196,0,0,0,0
2025/7/19,Messier 87 Black Hole,69,0,0,0,0,152,0,0,0,0
2025/7/20,Messier 87 Black Hole,108,0,0,0,0,207,0,0,0,0
2025/7/21,Messier 87 Black Hole,55,0,0,0,0,124,0,0,0,0
2025/7/22,Messier 87 Black Hole,94,0,0,0,0,139,0,0,0,0
2025/7/23,Messier 87 Black Hole,87,0,0,0,0,119,0,0,0,0
2025/7/24,Messier 87 Black Hole,77,0,0,0,0,177,0,0,0,0
2025/7/25,Messier 87 Black Hole,49,0,0,0,0,104,0,0,0,0
2025/7/26,Messier 87 Black Hole,41,0,0,0,0,79,0,0,0,0
2025/7/27,Messier 87 Black Hole,44,0,0,0,0,100,0,0,0,0
2025/7/28,Messier 87 Black Hole,64,0,0,0,0,101,0,0,0,0
2025/7/29,Messier 87 Black Hole,53,0,0,0,0,99,0,0,0,0
2025/7/30,Messier 87 Black Hole,44,0,0,0,0,78,0,0,0,0
2025/7/31,Messier 87 Black Hole,90,0,0,0,0,135,0,0,0,0
2025/8/1,Messier 87 Black Hole,55,0,0,0,0,110,0,0,0,0
2025/8/2,Messier 87 Black Hole,55,0,0,0,0,119,0,0,0,0
2025/8/3,Messier 87 Black Hole,58,0,0,0,0,186,0,0,0,0
2025/8/4,Messier 87 Black Hole,183,0,0,0,0,314,0,0,0,0
2025/8/5,Messier 87 Black Hole,113,0,0,0,0,126,0,0,0,0
2025/8/6,Messier 87 Black Hole,55,0,0,0,0,118,0,0,0,0
2025/8/7,Messier 87 Black Hole,117,0,0,0,0,111,0,0,0,0
2025/8/8,Messier 87 Black Hole,85,0,0,0,0,142,0,0,0,0
2025/8/9,Messier 87 Black Hole,77,0,0,0,0,150,0,0,0,0
2025/8/10,Messier 87 Black Hole,93,0,0,0,0,129,0,0,0,0
2025/8/11,Messier 87 Black Hole,98,0,0,0,0,124,0,0,0,0
2025/8/12,Messier 87 Black Hole,105,0,0,0,0,149,0,0,0,0
2025/8/13,Messier 87 Black Hole,72,0,0,0,0,119,0,0,0,0
2025/8/14,Messier 87 Black Hole,100,0,0,0,0,152,0,0,0,0
2025/8/15,Messier 87 Black Hole,75,0,0,0,0,128,0,0,0,0
2025/8/16,Messier 87 Black Hole,75,0,0,0,0,110,0,0,0,0
2025/8/17,Messier 87 Black Hole,52,0,0,0,0,106,0,0,0,0
2025/8/18,Messier 87 Black Hole,45,0,0,0,0,104,0,0,0,0
2025/8/19,Messier 87 Black Hole,81,0,0,0,0,132,0,0,0,0
2025/8/20,Messier 87 Black Hole,46,0,0,0,0,79,0,0,0,0
2025/8/21,Messier 87 Black Hole,78,0,0,0,0,112,0,0,0,0
2025/8/22,Messier 87 Black Hole,78,0,0,0,0,146,0,0,0,0
2025/8/23,Messier 87 Black Hole,41,0,0,0,0,82,0,0,0,0
2025/8/24,Messier 87 Black Hole,60,0,0,0,0,97,0,0,0,0
2025/8/25,Messier 87 Black Hole,74,0,0,0,0,106,0,0,0,0
2025/8/26,Messier 87 Black Hole,66,0,0,0,0,91,0,0,0,0
2025/8/27,Messier 87 Black Hole,49,0,0,0,0,64,0,0,0,0
2025/8/28,Messier 87 Black Hole,52,0,0,0,0,86,0,0,0,0
2025/8/29,Messier 87 Black Hole,64,0,0,0,0,95,0,0,0,0
2025/8/30,Messier 87 Black Hole,60,0,0,0,0,92,0,0,0,0
2025/8/31,Messier 87 Black Hole,53,0,0,0,0,89,0,0,0,0
2025/9/1,Messier 87 Black Hole,53,0,0,0,0,94,0,0,0,0
2025/9/2,Messier 87 Black Hole,34,0,0,0,0,68,0,0,0,0
2025/9/3,Messier 87 Black Hole,48,0,0,0,0,65,0,0,0,0
2025/9/4,Messier 87 Black Hole,73,0,0,0,0,72,0,0,0,0
2025/9/5,Messier 87 Black Hole,56,0,0,0,0,70,0.000434463,0,0.000434463,0.000434463
2025/9/6,Messier 87 Black Hole,37,0,0,0,0,40,0,0,0,0
2025/9/7,Messier 87 Black Hole,37,0,0,0,0,44,0,0,0,0
2025/9/8,Messier 87 Black Hole,36,0,0,0,0,69,0,0,0,0
2025/9/9,Messier 87 Black Hole,45,0,0,0,0,69,0,0,0,0
2025/9/10,Messier 87 Black Hole,50,0,0,0,0,69,0,0,0,0
2025/9/11,Messier 87 Black Hole,34,0,0,0,0,52,0,0,0,0
2025/9/12,Messier 87 Black Hole,47,0,0,0,0,58,0,0,0,0
2025/9/13,Messier 87 Black Hole,33,0,0,0,0,56,0,0,0,0
2025/9/14,Messier 87 Black Hole,63,0,0,0,0,62,0,0,0,0
2025/9/15,Messier 87 Black Hole,65,0,0,0,0,46,0,0,0,0
2025/9/16,Messier 87 Black Hole,55,0,0,0,0,80,0,0,0,0
2025/9/17,Messier 87 Black Hole,64,0,0,0,0,103,0,0,0,0
2025/9/18,Messier 87 Black Hole,44,0,0,0,0,75,0,0,0,0
2025/9/19,Messier 87 Black Hole,47,0,0,0,0,59,0,0,0,0
2025/9/20,Messier 87 Black Hole,59,0,0,0,0,145,0,0,0,0
2025/9/21,Messier 87 Black Hole,45,0,0,0,0,59,0,0,0,0
2025/9/22,Messier 87 Black Hole,41,0,0,0,0,80,0,0,0,0
2025/9/23,Messier 87 Black Hole,40,0,0,0,0,53,0,0,0,0
2025/9/24,Messier 87 Black Hole,47,0,0,0,0,46,0,0,0,0
2025/9/25,Messier 87 Black Hole,75,0,0,0,0,116,0,0,0,0
2025/9/26,Messier 87 Black Hole,41,0,0,0,0,104,0,0,0,0
2025/9/27,Messier 87 Black Hole,36,0,0,0,0,63,0,0,0,0
2025/9/28,Messier 87 Black Hole,25,0,0,0,0,42,0,0,0,0
2025/9/29,Messier 87 Black Hole,42,0,0,0,0,76,0,0,0,0
2025/9/30,Messier 87 Black Hole,33,0,0.4,-0.4,0.4,35,0,0,0,0
2025/10/1,Messier 87 Black Hole,51,0,0,0,0,81,0,0,0,0
2025/10/2,Messier 87 Black Hole,65,0,0,0,0,125,0,0,0,0
2025/10/3,Messier 87 Black Hole,77,0,0,0,0,133,0,0,0,0
2025/10/4,Messier 87 Black Hole,60,0,0,0,0,63,0,0,0,0
2025/10/5,Messier 87 Black Hole,38,0,0,0,0,45,0,0,0,0
2025/10/6,Messier 87 Black Hole,45,0,0,0,0,65,0,0,0,0
2025/10/7,Messier 87 Black Hole,62,0,0,0,0,69,0,0,0,0
2025/10/8,Messier 87 Black Hole,30,0,0,0,0,50,0,0,0,0
2025/10/9,Messier 87 Black Hole,63,0,0,0,0,62,0,0,0,0
2025/10/10,Messier 87 Black Hole,61,0,0,0,0,59,0,0,0,0
2025/10/11,Messier 87 Black Hole,47,0,0,0,0,125,0,0,0,0
2025/10/12,Messier 87 Black Hole,58,0,0,0,0,81,0,0,0,0
2025/10/13,Messier 87 Black Hole,46,0,0,0,0,64,0,0,0,0
2025/10/14,Messier 87 Black Hole,32,0,0,0,0,55,0,0,0,0
2025/10/15,Messier 87 Black Hole,59,0,0,0,0,92,0,0,0,0
2025/10/16,Messier 87 Black Hole,43,0,0,0,0,103,0,0,0,0
2025/10/17,Messier 87 Black Hole,55,0,0,0,0,140,0,0,0,0
2025/10/18,Messier 87 Black Hole,40,0,0,0,0,64,0,0,0,0
2025/10/19,Messier 87 Black Hole,17,0,0,0,0,44,0,0,0,0
2025/10/20,Messier 87 Black Hole,23,0,0,0,0,36,0,0,0,0
2025/10/21,Messier 87 Black Hole,40,0,0,0,0,58,0,0,0,0
2025/10/22,Messier 87 Black Hole,84,0,0,0,0,71,0,0,0,0
2025/10/23,Messier 87 Black Hole,33,0,0,0,0,57,0,0,0,0
2025/10/24,Messier 87 Black Hole,42,0,0,0,0,39,0,0,0,0
2025/10/25,Messier 87 Black Hole,16,0,0,0,0,24,0,0,0,0
2025/10/26,Messier 87 Black Hole,31,0,0,0,0,51,0,0,0,0
2025/10/27,Messier 87 Black Hole,22,0,0,0,0,57,0,0,0,0
2025/10/28,Messier 87 Black Hole,33,0,0,0,0,53,0,0,0,0
2025/10/29,Messier 87 Black Hole,38,0,0,0,0,76,0,0,0,0
2025/10/30,Messier 87 Black Hole,91,0,0,0,0,116,0,0,0,0
2025/10/31,Messier 87 Black Hole,60,0,0,0,0,84,0,0,0,0
2025/11/1,Messier 87 Black Hole,52,0,0,0,0,39,0,0,0,0
2025/11/2,Messier 87 Black Hole,46,0,0,0,0,63,0,0,0,0
2025/11/3,Messier 87 Black Hole,46,0,0,0,0,94,0,0,0,0
2025/11/4,Messier 87 Black Hole,88,0,0,0,0,95,0,0,0,0
2025/11/5,Messier 87 Black Hole,50,0,0,0,0,102,0,0,0,0
2025/11/6,Messier 87 Black Hole,33,0,0,0,0,48,0,0,0,0
2025/11/7,Messier 87 Black Hole,40,0,0,0,0,81,0,0,0,0
2025/11/8,Messier 87 Black Hole,1,0,0,0,0,0,0,0,0,0