day,erc20_tx_count,eth_tx_count
2020/4/18,0,106
2020/4/19,0,118
2020/4/20,0,517
2020/4/21,0,979
2020/4/22,0,984
2020/4/23,0,1055
2020/4/24,0,912
2020/4/25,0,750
2020/4/26,0,348
2020/4/27,0,607
2020/4/28,0,658
2020/4/29,0,357
2020/4/30,0,44
2020/5/1,0,24
2020/5/2,0,183
2020/5/3,0,441
2020/5/4,0,33
2020/5/5,0,45
2020/5/6,0,33
2020/5/7,0,0
2020/5/8,0,2
2020/5/9,0,2
2020/5/10,0,33
2020/5/11,0,3
2020/5/12,0,1
2020/5/13,0,0
2020/5/14,0,2
2020/5/15,0,1
2020/5/16,0,70
2020/5/17,0,65
2020/5/18,0,186
2020/5/19,0,510
2020/5/20,0,412
2020/5/21,0,183
2020/5/22,0,628
2020/5/23,0,2560
2020/5/24,0,2185
2020/5/25,0,785
2020/5/26,0,229
2020/5/27,0,73
2020/5/28,0,278
2020/5/29,0,527
2020/5/30,0,757
2020/5/31,0,1153
2020/6/1,0,532
2020/6/2,0,133
2020/6/3,0,1197
2020/6/4,0,770
2020/6/5,0,279
2020/6/6,0,1568
2020/6/7,0,1957
2020/6/8,0,1437
2020/6/9,0,1006
2020/6/10,0,581
2020/6/11,0,396
2020/6/12,0,336
2020/6/13,0,505
2020/6/14,0,786
2020/6/15,0,208
2020/6/16,0,74
2020/6/17,7,240
2020/6/18,56,418
2020/6/19,80,321
2020/6/20,39,443
2020/6/21,28,404
2020/6/22,19,262
2020/6/23,2,153
2020/6/24,3,154
2020/6/25,2,204
2020/6/26,1,197
2020/6/27,3,203
2020/6/28,4,202
2020/6/29,2,71
2020/6/30,1,31
2020/7/1,7,81
2020/7/2,2,38
2020/7/3,0,25
2020/7/4,0,21
2020/7/5,0,23
2020/7/6,0,26
2020/7/7,1,26
2020/7/8,0,26
2020/7/9,1,28
2020/7/10,2,72
2020/7/11,1,62
2020/7/12,2,77
2020/7/13,3,39
2020/7/14,2,62
2020/7/15,0,29
2020/7/16,0,25
2020/7/17,1,64
2020/7/18,0,27
2020/7/19,0,132
2020/7/20,0,64
2020/7/21,0,184
2020/7/22,8,250
2020/7/23,0,249
2020/7/24,1,168
2020/7/25,1,97
2020/7/26,1,98
2020/7/27,1,40
2020/7/28,5,193
2020/7/29,2,155
2020/7/30,1,151
2020/7/31,2,181
2020/8/1,2,117
2020/8/2,0,59
2020/8/3,1,57
2020/8/4,0,37
2020/8/5,5,34
2020/8/6,1,49
2020/8/7,0,34
2020/8/8,3,40
2020/8/9,1,9
2020/8/10,0,25
2020/8/11,0,35
2020/8/12,4,45
2020/8/13,1,77
2020/8/14,2,28
2020/8/15,1,12
2020/8/16,1,6
2020/8/17,0,4
2020/8/18,0,12
2020/8/19,0,6
2020/8/20,0,6
2020/8/21,0,8
2020/8/22,1,10
2020/8/23,0,26
2020/8/24,2,12
2020/8/25,2,9
2020/8/26,0,2
2020/8/27,1,2
2020/8/28,0,7
2020/8/29,2,6
2020/8/30,0,4
2020/8/31,0,10
2020/9/1,0,2
2020/9/2,0,7
2020/9/3,0,4
2020/9/4,0,11
2020/9/5,1,5
2020/9/6,2,45
2020/9/7,0,345
2020/9/8,4,412
2020/9/9,5,196
2020/9/10,1,222
2020/9/11,8,509
2020/9/12,1,270
2020/9/13,15,691
2020/9/14,14,701
2020/9/15,15,361
2020/9/16,33,591
2020/9/17,6,325
2020/9/18,17,37
2020/9/19,34,77
2020/9/20,44,92
2020/9/21,25,76
2020/9/22,20,563
2020/9/23,22,39
2020/9/24,54,151
2020/9/25,22,103
2020/9/26,31,150
2020/9/27,30,94
2020/9/28,34,89
2020/9/29,26,61
2020/9/30,44,122
2020/10/1,63,247
2020/10/2,123,260
2020/10/3,40,138
2020/10/4,11,132
2020/10/5,13,93
2020/10/6,11,94
2020/10/7,13,118
2020/10/8,11,78
2020/10/9,14,32
2020/10/10,9,32
2020/10/11,3,47
2020/10/12,7,27
2020/10/13,6,20
2020/10/14,5,18
2020/10/15,4,14
2020/10/16,7,15
2020/10/17,9,55
2020/10/18,7,76
2020/10/19,4,37
2020/10/20,1,72
2020/10/21,2,47
2020/10/22,10,22
2020/10/23,7,23
2020/10/24,3,82
2020/10/25,5,87
2020/10/26,3,14
2020/10/27,7,53
2020/10/28,3,61
2020/10/29,8,26
2020/10/30,4,69
2020/10/31,24,116
2020/11/1,42,457
2020/11/2,27,114
2020/11/3,34,116
2020/11/4,42,220
2020/11/5,19,109
2020/11/6,6,21
2020/11/7,3,30
2020/11/8,19,70
2020/11/9,12,65
2020/11/10,8,27
2020/11/11,11,18
2020/11/12,11,58
2020/11/13,11,39
2020/11/14,20,100
2020/11/15,21,80
2020/11/16,6,30
2020/11/17,8,31
2020/11/18,4,9
2020/11/19,8,25
2020/11/20,9,24
2020/11/21,6,23
2020/11/22,1,14
2020/11/23,3,20
2020/11/24,0,20
2020/11/25,2,25
2020/11/26,3,28
2020/11/27,1,20
2020/11/28,2,14
2020/11/29,1,32
2020/11/30,0,5
2020/12/1,4,24
2020/12/2,33,50
2020/12/3,44,81
2020/12/4,51,72
2020/12/5,58,85
2020/12/6,31,75
2020/12/7,37,69
2020/12/8,38,66
2020/12/9,25,52
2020/12/10,33,58
2020/12/11,37,54
2020/12/12,20,69
2020/12/13,44,90
2020/12/14,90,249
2020/12/15,77,604
2020/12/16,95,257
2020/12/17,86,355
2020/12/18,43,243
2020/12/19,15,141
2020/12/20,12,304
2020/12/21,12,405
2020/12/22,5,132
2020/12/23,26,400
2020/12/24,27,541
2020/12/25,6,536
2020/12/26,2,566
2020/12/27,7,487
2020/12/28,2,537
2020/12/29,9,259
2020/12/30,25,176
2020/12/31,45,320
2021/1/1,17,1052
2021/1/2,7,445
2021/1/3,2,583
2021/1/4,2,912
2021/1/5,8,550
2021/1/6,1,833
2021/1/7,8,748
2021/1/8,2,373
2021/1/9,8,731
2021/1/10,3,1001
2021/1/11,1,534
2021/1/12,6,523
2021/1/13,6,808
2021/1/14,0,828
2021/1/15,3,481
2021/1/16,0,101
2021/1/17,3,104
2021/1/18,2,541
2021/1/19,0,109
2021/1/20,2,93
2021/1/21,14,62
2021/1/22,3,48
2021/1/23,19,72
2021/1/24,11,63
2021/1/25,5,561
2021/1/26,20,139
2021/1/27,7,70
2021/1/28,9,71
2021/1/29,2,30
2021/1/30,1,42
2021/1/31,3,33
2021/2/1,1,29
2021/2/2,2,499
2021/2/3,5,53
2021/2/4,1,32
2021/2/5,2,26
2021/2/6,6,39
2021/2/7,4,40
2021/2/8,0,506
2021/2/9,0,50
2021/2/10,3,32
2021/2/11,2,45
2021/2/12,7,42
2021/2/13,10,73
2021/2/14,4,120
2021/2/15,2,64
2021/2/16,7,58
2021/2/17,11,42
2021/2/18,7,39
2021/2/19,4,36
2021/2/20,5,31
2021/2/21,7,100
2021/2/22,2,33
2021/2/23,0,25
2021/2/24,6,56
2021/2/25,15,73
2021/2/26,10,77
2021/2/27,17,82
2021/2/28,14,210
2021/3/1,27,238
2021/3/2,235,1317
2021/3/3,135,803
2021/3/4,87,502
2021/3/5,73,495
2021/3/6,72,707
2021/3/7,33,397
2021/3/8,41,300
2021/3/9,39,378
2021/3/10,260,787
2021/3/11,303,897
2021/3/12,174,680
2021/3/13,146,739
2021/3/14,143,590
2021/3/15,138,395
2021/3/16,121,368
2021/3/17,85,544
2021/3/18,112,535
2021/3/19,112,413
2021/3/20,165,1172
2021/3/21,171,802
2021/3/22,100,496
2021/3/23,179,740
2021/3/24,201,897
2021/3/25,269,905
2021/3/26,81,190
2021/3/27,44,149
2021/3/28,19,147
2021/3/29,27,96
2021/3/30,19,99
2021/3/31,11,72
2021/4/1,13,89
2021/4/2,23,98
2021/4/3,29,153
2021/4/4,27,132
2021/4/5,18,113
2021/4/6,29,174
2021/4/7,7,160
2021/4/8,29,143
2021/4/9,18,118
2021/4/10,21,114
2021/4/11,8,157
2021/4/12,13,139
2021/4/13,17,123
2021/4/14,9,157
2021/4/15,20,234
2021/4/16,5,280
2021/4/17,6,169
2021/4/18,6,85
2021/4/19,3,73
2021/4/20,9,40
2021/4/21,10,103
2021/4/22,10,235
2021/4/23,22,219
2021/4/24,28,333
2021/4/25,40,648
2021/4/26,25,286
2021/4/27,34,1168
2021/4/28,23,756
2021/4/29,18,371
2021/4/30,27,309
2021/5/1,18,264
2021/5/2,24,227
2021/5/3,19,280
2021/5/4,28,96
2021/5/5,24,137
2021/5/6,19,137
2021/5/7,21,108
2021/5/8,7,86
2021/5/9,8,58
2021/5/10,8,39
2021/5/11,0,35
2021/5/12,3,27
2021/5/13,22,95
2021/5/14,12,156
2021/5/15,16,159
2021/5/16,14,162
2021/5/17,11,50
2021/5/18,4,63
2021/5/19,7,30
2021/5/20,3,40
2021/5/21,25,259
2021/5/22,15,115
2021/5/23,5,71
2021/5/24,14,114
2021/5/25,15,158
2021/5/26,56,320
2021/5/27,65,319
2021/5/28,57,304
2021/5/29,60,442
2021/5/30,51,504
2021/5/31,39,330
2021/6/1,76,480
2021/6/2,34,282
2021/6/3,155,332
2021/6/4,95,913
2021/6/5,127,1004
2021/6/6,97,361
2021/6/7,131,355
2021/6/8,42,193
2021/6/9,288,507
2021/6/10,290,511
2021/6/11,114,289
2021/6/12,130,350
2021/6/13,138,603
2021/6/14,93,640
2021/6/15,102,464
2021/6/16,254,1613
2021/6/17,415,1320
2021/6/18,300,932
2021/6/19,231,996
2021/6/20,254,933
2021/6/21,98,413
2021/6/22,72,262
2021/6/23,197,617
2021/6/24,184,575
2021/6/25,138,420
2021/6/26,232,616
2021/6/27,297,992
2021/6/28,183,503
2021/6/29,315,1049
2021/6/30,443,1199
2021/7/1,587,1389
2021/7/2,141,245
2021/7/3,119,723
2021/7/4,37,711
2021/7/5,36,355
2021/7/6,222,241
2021/7/7,145,327
2021/7/8,109,332
2021/7/9,67,259
2021/7/10,66,1349
2021/7/11,131,632
2021/7/12,60,281
2021/7/13,42,213
2021/7/14,37,193
2021/7/15,77,170
2021/7/16,54,147
2021/7/17,87,316
2021/7/18,110,538
2021/7/19,69,866
2021/7/20,42,252
2021/7/21,52,190
2021/7/22,29,223
2021/7/23,47,359
2021/7/24,43,246
2021/7/25,47,255
2021/7/26,28,189
2021/7/27,22,180
2021/7/28,13,186
2021/7/29,39,237
2021/7/30,26,220
2021/7/31,40,521
2021/8/1,47,415
2021/8/2,22,142
2021/8/3,29,151
2021/8/4,52,250
2021/8/5,31,219
2021/8/6,31,355
2021/8/7,21,324
2021/8/8,51,585
2021/8/9,28,379
2021/8/10,42,337
2021/8/11,14,322
2021/8/12,35,354
2021/8/13,39,904
2021/8/14,13,272
2021/8/15,39,526
2021/8/16,34,246
2021/8/17,25,254
2021/8/18,35,670
2021/8/19,124,806
2021/8/20,35,362
2021/8/21,41,306
2021/8/22,57,625
2021/8/23,18,269
2021/8/24,20,203
2021/8/25,17,121
2021/8/26,20,156
2021/8/27,25,181
2021/8/28,33,360
2021/8/29,27,688
2021/8/30,55,243
2021/8/31,43,129
2021/9/1,27,101
2021/9/2,19,99
2021/9/3,9,62
2021/9/4,12,112
2021/9/5,14,144
2021/9/6,9,105
2021/9/7,23,76
2021/9/8,39,134
2021/9/9,138,582
2021/9/10,201,863
2021/9/11,294,1826
2021/9/12,421,3772
2021/9/13,221,1744
2021/9/14,320,1831
2021/9/15,248,1159
2021/9/16,166,902
2021/9/17,228,1218
2021/9/18,318,1771
2021/9/19,344,1750
2021/9/20,202,776
2021/9/21,335,1435
2021/9/22,746,2519
2021/9/23,956,3841
2021/9/24,169,569
2021/9/25,134,621
2021/9/26,92,474
2021/9/27,44,397
2021/9/28,42,300
2021/9/29,51,842
2021/9/30,41,435
2021/10/1,39,225
2021/10/2,50,445
2021/10/3,60,718
2021/10/4,43,570
2021/10/5,24,129
2021/10/6,24,159
2021/10/7,17,173
2021/10/8,26,245
2021/10/9,52,427
2021/10/10,29,500
2021/10/11,22,231
2021/10/12,33,286
2021/10/13,54,514
2021/10/14,93,868
2021/10/15,353,3720
2021/10/16,274,3418
2021/10/17,208,3314
2021/10/18,171,2364
2021/10/19,112,2229
2021/10/20,105,2099
2021/10/21,62,1243
2021/10/22,85,1213
2021/10/23,56,1268
2021/10/24,74,1393
2021/10/25,21,571
2021/10/26,26,372
2021/10/27,23,225
2021/10/28,11,202
2021/10/29,25,262
2021/10/30,18,247
2021/10/31,18,264
2021/11/1,31,258
2021/11/2,26,225
2021/11/3,20,326
2021/11/4,36,385
2021/11/5,25,479
2021/11/6,28,522
2021/11/7,33,778
2021/11/8,62,691
2021/11/9,65,727
2021/11/10,115,1991
2021/11/11,121,2026
2021/11/12,104,1813
2021/11/13,109,2472
2021/11/14,169,2670
2021/11/15,124,1557
2021/11/16,125,1414
2021/11/17,226,2869
2021/11/18,174,1991
2021/11/19,162,2141
2021/11/20,203,2810
2021/11/21,255,4159
2021/11/22,135,2038
2021/11/23,122,2284
2021/11/24,422,9535
2021/11/25,224,4897
2021/11/26,241,3435
2021/11/27,304,5372
2021/11/28,444,8949
2021/11/29,280,5172
2021/11/30,323,3250
2021/12/1,238,2956
2021/12/2,320,3265
2021/12/3,437,4135
2021/12/4,268,2979
2021/12/5,405,4536
2021/12/6,259,2809
2021/12/7,363,4190
2021/12/8,400,4593
2021/12/9,520,4845
2021/12/10,305,3173
2021/12/11,378,3494
2021/12/12,538,4427
2021/12/13,371,3181
2021/12/14,464,3432
2021/12/15,467,3426
2021/12/16,792,5367
2021/12/17,261,2509
2021/12/18,220,2183
2021/12/19,251,2314
2021/12/20,173,1483
2021/12/21,139,1510
2021/12/22,138,1251
2021/12/23,95,1166
2021/12/24,119,1242
2021/12/25,111,953
2021/12/26,184,1893
2021/12/27,136,1454
2021/12/28,109,1004
2021/12/29,130,1174
2021/12/30,149,3118
2021/12/31,199,4370
2022/1/1,109,932
2022/1/2,84,716
2022/1/3,76,1302
2022/1/4,49,1207
2022/1/5,73,1092
2022/1/6,86,453
2022/1/7,80,381
2022/1/8,76,577
2022/1/9,70,462
2022/1/10,37,265
2022/1/11,38,561
2022/1/12,50,311
2022/1/13,60,300
2022/1/14,71,373
2022/1/15,69,509
2022/1/16,60,580
2022/1/17,66,389
2022/1/18,90,469
2022/1/19,84,503
2022/1/20,80,435
2022/1/21,74,274
2022/1/22,58,187
2022/1/23,45,327
2022/1/24,71,258
2022/1/25,56,288
2022/1/26,66,516
2022/1/27,40,1317
2022/1/28,50,505
2022/1/29,51,467
2022/1/30,86,530
2022/1/31,104,473
2022/2/1,57,228
2022/2/2,57,295
2022/2/3,51,277
2022/2/4,240,375
2022/2/5,93,464
2022/2/6,153,576
2022/2/7,92,225
2022/2/8,84,375
2022/2/9,66,443
2022/2/10,69,305
2022/2/11,71,345
2022/2/12,89,408
2022/2/13,71,417
2022/2/14,67,372
2022/2/15,2863,288
2022/2/16,47,271
2022/2/17,53,246
2022/2/18,109,213
2022/2/19,79,301
2022/2/20,68,302
2022/2/21,135,1481
2022/2/22,145,1902
2022/2/23,91,503
2022/2/24,88,373
2022/2/25,74,422
2022/2/26,70,443
2022/2/27,98,501
2022/2/28,55,183
2022/3/1,72,217
2022/3/2,87,289
2022/3/3,66,321
2022/3/4,120,384
2022/3/5,78,487
2022/3/6,175,596
2022/3/7,77,529
2022/3/8,101,432
2022/3/9,2755,582
2022/3/10,146,436
2022/3/11,121,471
2022/3/12,182,780
2022/3/13,133,746
2022/3/14,135,780
2022/3/15,154,671
2022/3/16,98,514
2022/3/17,86,509
2022/3/18,102,479
2022/3/19,193,1017
2022/3/20,238,1236
2022/3/21,169,1290
2022/3/22,257,1264
2022/3/23,352,1880
2022/3/24,286,1479
2022/3/25,136,479
2022/3/26,83,443
2022/3/27,90,419
2022/3/28,69,428
2022/3/29,89,415
2022/3/30,82,500
2022/3/31,68,468
2022/4/1,57,311
2022/4/2,78,367
2022/4/3,83,374
2022/4/4,78,364
2022/4/5,292,276
2022/4/6,463,325
2022/4/7,116,465
2022/4/8,104,506
2022/4/9,133,617
2022/4/10,95,549
2022/4/11,92,400
2022/4/12,63,309
2022/4/13,88,350
2022/4/14,71,361
2022/4/15,80,466
2022/4/16,94,602
2022/4/17,95,630
2022/4/18,85,517
2022/4/19,43,395
2022/4/20,50,411
2022/4/21,56,378
2022/4/22,48,323
2022/4/23,34,464
2022/4/24,74,737
2022/4/25,44,355
2022/4/26,63,480
2022/4/27,105,1337
2022/4/28,105,1188
2022/4/29,85,1572
2022/4/30,136,1689
2022/5/1,62,768
2022/5/2,68,712
2022/5/3,159,1231
2022/5/4,165,2020
2022/5/5,182,1578
2022/5/6,2616,2042
2022/5/7,223,2546
2022/5/8,306,3041
2022/5/9,237,2688
2022/5/10,288,1350
2022/5/11,97,1211
2022/5/12,113,228
2022/5/13,130,514
2022/5/14,148,1248
2022/5/15,255,2621
2022/5/16,225,3083
2022/5/17,140,3606
2022/5/18,168,3054
2022/5/19,232,2003
2022/5/20,151,2000
2022/5/21,192,2807
2022/5/22,758,3196
2022/5/23,263,2863
2022/5/24,1236,3921
2022/5/25,182,2444
2022/5/26,108,1178
2022/5/27,143,1333
2022/5/28,211,2339
2022/5/29,251,2262
2022/5/30,141,1404
2022/5/31,130,1353
2022/6/1,165,1984
2022/6/2,161,1591
2022/6/3,176,1823
2022/6/4,517,2521
2022/6/5,828,3207
2022/6/6,348,2835
2022/6/7,351,2730
2022/6/8,297,1309
2022/6/9,957,2940
2022/6/10,1010,2296
2022/6/11,1398,3611
2022/6/12,639,3378
2022/6/13,330,1079
2022/6/14,415,2449
2022/6/15,339,1735
2022/6/16,393,2405
2022/6/17,377,2188
2022/6/18,318,2350
2022/6/19,451,3259
2022/6/20,544,4131
2022/6/21,566,2725
2022/6/22,591,3773
2022/6/23,628,4286
2022/6/24,443,1746
2022/6/25,416,1075
2022/6/26,257,856
2022/6/27,189,999
2022/6/28,313,967
2022/6/29,286,544
2022/6/30,596,491
2022/7/1,398,653
2022/7/2,367,773
2022/7/3,403,958
2022/7/4,395,501
2022/7/5,593,530
2022/7/6,638,588
2022/7/7,1588,847
2022/7/8,3143,1678
2022/7/9,621,2946
2022/7/10,506,2701
2022/7/11,373,1905
2022/7/12,442,1964
2022/7/13,328,1602
2022/7/14,492,2412
2022/7/15,432,2093
2022/7/16,454,2664
2022/7/17,405,2840
2022/7/18,330,1842
2022/7/19,315,2407
2022/7/20,300,3449
2022/7/21,363,2239
2022/7/22,311,2400
2022/7/23,351,3319
2022/7/24,431,3387
2022/7/25,410,2978
2022/7/26,283,1568
2022/7/27,391,2383
2022/7/28,260,1765
2022/7/29,297,1783
2022/7/30,387,3683
2022/7/31,438,3636
2022/8/1,332,1921
2022/8/2,330,1749
2022/8/3,302,1735
2022/8/4,278,1900
2022/8/5,257,1960
2022/8/6,4718,3089
2022/8/7,469,2944
2022/8/8,451,2113
2022/8/9,400,1965
2022/8/10,331,1748
2022/8/11,277,1413
2022/8/12,373,1921
2022/8/13,408,2558
2022/8/14,454,2668
2022/8/15,288,1143
2022/8/16,269,2230
2022/8/17,264,1864
2022/8/18,222,2486
2022/8/19,220,974
2022/8/20,192,1533
2022/8/21,283,2027
2022/8/22,243,1646
2022/8/23,221,880
2022/8/24,248,1023
2022/8/25,246,1431
2022/8/26,247,1261
2022/8/27,256,1292
2022/8/28,306,1549
2022/8/29,251,1110
2022/8/30,208,771
2022/8/31,145,499
2022/9/1,171,634
2022/9/2,209,946
2022/9/3,290,1939
2022/9/4,278,1745
2022/9/5,255,1433
2022/9/6,179,1862
2022/9/7,209,852
2022/9/8,256,895
2022/9/9,219,1001
2022/9/10,301,3118
2022/9/11,383,2207
2022/9/12,398,1829
2022/9/13,296,1400
2022/9/14,342,1499
2022/9/15,232,774
2022/9/16,346,1663
2022/9/17,703,2591
2022/9/18,637,2419
2022/9/19,437,1938
2022/9/20,455,2459
2022/9/21,526,2539
2022/9/22,705,3207
2022/9/23,340,1466
2022/9/24,384,1471
2022/9/25,276,1391
2022/9/26,287,1904
2022/9/27,236,912
2022/9/28,346,1136
2022/9/29,210,1179
2022/9/30,282,954
2022/10/1,326,1874
2022/10/2,288,1615
2022/10/3,210,819
2022/10/4,302,956
2022/10/5,279,1004
2022/10/6,334,918
2022/10/7,316,1186
2022/10/8,261,872
2022/10/9,146,511
2022/10/10,172,414
2022/10/11,276,639
2022/10/12,181,675
2022/10/13,269,786
2022/10/14,220,821
2022/10/15,211,812
2022/10/16,274,1578
2022/10/17,281,1085
2022/10/18,252,1078
2022/10/19,297,2518
2022/10/20,355,4167
2022/10/21,453,7465
2022/10/22,544,8973
2022/10/23,740,10135
2022/10/24,652,10104
2022/10/25,566,8328
2022/10/26,589,8086
2022/10/27,691,8651
2022/10/28,445,4670
2022/10/29,404,2832
2022/10/30,457,3276
2022/10/31,385,2380
2022/11/1,394,2972
2022/11/2,358,2497
2022/11/3,295,1962
2022/11/4,397,1975
2022/11/5,308,2415
2022/11/6,302,3574
2022/11/7,271,2313
2022/11/8,279,2171
2022/11/9,329,1499
2022/11/10,359,1188
2022/11/11,299,2190
2022/11/12,318,2611
2022/11/13,317,2504
2022/11/14,255,1974
2022/11/15,224,2387
2022/11/16,368,3761
2022/11/17,564,7008
2022/11/18,445,6489
2022/11/19,429,5723
2022/11/20,501,5707
2022/11/21,550,5288
2022/11/22,395,4960
2022/11/23,357,4667
2022/11/24,378,4475
2022/11/25,283,4265
2022/11/26,382,4006
2022/11/27,363,3885
2022/11/28,282,3647
2022/11/29,423,3707
2022/11/30,386,3455
2022/12/1,290,3630
2022/12/2,362,4614
2022/12/3,281,4869
2022/12/4,270,5347
2022/12/5,336,3961
2022/12/6,293,3926
2022/12/7,294,3552
2022/12/8,303,3815
2022/12/9,244,2671
2022/12/10,221,2938
2022/12/11,239,3365
2022/12/12,313,3763
2022/12/13,241,4356
2022/12/14,169,4142
2022/12/15,213,3407
2022/12/16,205,4228
2022/12/17,265,7759
2022/12/18,296,5697
2022/12/19,269,5065
2022/12/20,268,6033
2022/12/21,282,6050
2022/12/22,261,6116
2022/12/23,251,5538
2022/12/24,265,6492
2022/12/25,221,6410
2022/12/26,208,6731
2022/12/27,261,5803
2022/12/28,364,5190
2022/12/29,341,5285
2022/12/30,289,4316
2022/12/31,338,2857
2023/1/1,310,3178
2023/1/2,378,3919
2023/1/3,359,4368
2023/1/4,290,3466
2023/1/5,254,3256
2023/1/6,263,3930
2023/1/7,322,4315
2023/1/8,300,4052
2023/1/9,310,3653
2023/1/10,329,3549
2023/1/11,369,3193
2023/1/12,253,2919
2023/1/13,324,2696
2023/1/14,324,2733
2023/1/15,264,3550
2023/1/16,296,2572
2023/1/17,276,2879
2023/1/18,345,2856
2023/1/19,356,3019
2023/1/20,449,2224
2023/1/21,475,2763
2023/1/22,485,3020
2023/1/23,516,2968
2023/1/24,647,2764
2023/1/25,510,2800
2023/1/26,395,2754
2023/1/27,391,2618
2023/1/28,444,2943
2023/1/29,352,3057
2023/1/30,466,2994
2023/1/31,386,2235
2023/2/1,407,2927
2023/2/2,380,2333
2023/2/3,341,2374
2023/2/4,392,2787
2023/2/5,410,6413
2023/2/6,445,3906
2023/2/7,334,2774
2023/2/8,308,2177
2023/2/9,275,2702
2023/2/10,412,3014
2023/2/11,527,4361
2023/2/12,573,5246
2023/2/13,570,3538
2023/2/14,482,3430
2023/2/15,397,2817
2023/2/16,405,2801
2023/2/17,427,3326
2023/2/18,389,3488
2023/2/19,424,4331
2023/2/20,423,3408
2023/2/21,370,2859
2023/2/22,302,2828
2023/2/23,373,2834
2023/2/24,393,2875
2023/2/25,354,4959
2023/2/26,591,5204
2023/2/27,669,4647
2023/2/28,869,4241
2023/3/1,3462,3662
2023/3/2,1873,4138
2023/3/3,2156,4045
2023/3/4,1265,4644
2023/3/5,1271,4426
2023/3/6,941,3567
2023/3/7,1006,4857
2023/3/8,955,4011
2023/3/9,772,3003
2023/3/10,764,3091
2023/3/11,392,750
2023/3/12,1085,4614
2023/3/13,1048,2793
2023/3/14,1311,2888
2023/3/15,1206,2706
2023/3/16,1306,4195
2023/3/17,1411,10608
2023/3/18,1329,19848
2023/3/19,1277,21869
2023/3/20,1254,24984
2023/3/21,2189,26936
2023/3/22,1017,25637
2023/3/23,971,30842
2023/3/24,1669,58517
2023/3/25,1583,69875
2023/3/26,1305,67314
2023/3/27,915,48487
2023/3/28,659,38281
2023/3/29,467,31763
2023/3/30,385,24939
2023/3/31,469,38147
2023/4/1,473,39567
2023/4/2,646,42457
2023/4/3,404,30165
2023/4/4,350,26311
2023/4/5,268,15155
2023/4/6,338,20858
2023/4/7,344,26564
2023/4/8,340,31006
2023/4/9,315,29805
2023/4/10,397,23674
2023/4/11,252,20939
2023/4/12,237,23402
2023/4/13,219,11333
2023/4/14,376,12501
2023/4/15,365,17394
2023/4/16,301,15648
2023/4/17,229,9841
2023/4/18,239,5838
2023/4/19,128,3598
2023/4/20,148,3351
2023/4/21,180,6423
2023/4/22,144,8997
2023/4/23,117,7532
2023/4/24,174,6367
2023/4/25,198,9902
2023/4/26,424,8372
2023/4/27,319,9629
2023/4/28,337,9220
2023/4/29,249,11171
2023/4/30,117,10358
2023/5/1,114,4683
2023/5/2,124,2284
2023/5/3,126,2536
2023/5/4,127,3938
2023/5/5,114,1315
2023/5/6,85,991
2023/5/7,88,1661
2023/5/8,115,1664
2023/5/9,196,3569
2023/5/10,105,3549
2023/5/11,48,2266
2023/5/12,126,6281
2023/5/13,111,16227
2023/5/14,107,13930
2023/5/15,118,11573
2023/5/16,137,13865
2023/5/17,120,16728
2023/5/18,115,10756
2023/5/19,90,12789
2023/5/20,136,20477
2023/5/21,117,21676
2023/5/22,137,13190
2023/5/23,160,6580
2023/5/24,195,14216
2023/5/25,130,18533
2023/5/26,190,21354
2023/5/27,135,28892
2023/5/28,187,20086
2023/5/29,167,13419
2023/5/30,156,10674
2023/5/31,209,19702
2023/6/1,138,9185
2023/6/2,209,15046
2023/6/3,121,23270
2023/6/4,163,27258
2023/6/5,179,16679
2023/6/6,107,17489
2023/6/7,172,17326
2023/6/8,156,16103
2023/6/9,212,20052
2023/6/10,132,16483
2023/6/11,115,24669
2023/6/12,248,26069
2023/6/13,178,23801
2023/6/14,178,21347
2023/6/15,205,19456
2023/6/16,180,19569
2023/6/17,127,20847
2023/6/18,180,19232
2023/6/19,141,15806
2023/6/20,131,19045
2023/6/21,183,18388
2023/6/22,153,16442
2023/6/23,154,16506
2023/6/24,180,21416
2023/6/25,341,24317
2023/6/26,220,27811
2023/6/27,189,23697
2023/6/28,267,20252
2023/6/29,201,16019
2023/6/30,280,15443
2023/7/1,214,20246
2023/7/2,183,22154
2023/7/3,212,14565
2023/7/4,180,14998
2023/7/5,152,2328
2023/7/6,199,3992
2023/7/7,78,9495
2023/7/8,139,19590
2023/7/9,172,21174
2023/7/10,137,17221
2023/7/11,161,15602
2023/7/12,136,16693
2023/7/13,147,15129
2023/7/14,154,16922
2023/7/15,187,33505
2023/7/16,163,20681
2023/7/17,200,13677
2023/7/18,130,15633
2023/7/19,126,13163
2023/7/20,204,13618
2023/7/21,205,10808
2023/7/22,230,19301
2023/7/23,200,27036
2023/7/24,142,9423
2023/7/25,445,8241
2023/7/26,105,11810
2023/7/27,82,8807
2023/7/28,86,8872
2023/7/29,104,18106
2023/7/30,179,23296
2023/7/31,190,16151
2023/8/1,299,9706
2023/8/2,172,10682
2023/8/3,130,12297
2023/8/4,196,11911
2023/8/5,337,12930
2023/8/6,265,14448
2023/8/7,540,9317
2023/8/8,176,8958
2023/8/9,174,11048
2023/8/10,1101,10609
2023/8/11,549,10544
2023/8/12,282,14331
2023/8/13,344,14246
2023/8/14,299,9907
2023/8/15,394,9685
2023/8/16,299,6442
2023/8/17,245,8391
2023/8/18,270,7145
2023/8/19,193,16140
2023/8/20,157,14683
2023/8/21,235,11109
2023/8/22,173,8622
2023/8/23,183,12641
2023/8/24,221,11715
2023/8/25,142,9335
2023/8/26,166,22464
2023/8/27,171,21085
2023/8/28,115,9981
2023/8/29,134,10386
2023/8/30,215,11800
2023/8/31,186,16715
2023/9/1,224,13219
2023/9/2,179,15853
2023/9/3,121,16611
2023/9/4,146,12095
2023/9/5,140,13363
2023/9/6,241,10531
2023/9/7,225,12877
2023/9/8,255,14209
2023/9/9,173,17816
2023/9/10,158,18760
2023/9/11,108,13055
2023/9/12,148,14455
2023/9/13,121,9106
2023/9/14,524,14636
2023/9/15,200,15015
2023/9/16,236,19246
2023/9/17,177,19849
2023/9/18,139,12694
2023/9/19,221,14322
2023/9/20,156,13748
2023/9/21,220,13564
2023/9/22,177,15025
2023/9/23,141,17683
2023/9/24,201,20408
2023/9/25,220,13771
2023/9/26,203,13245
2023/9/27,239,16114
2023/9/28,240,15644
2023/9/29,218,15416
2023/9/30,153,19823
2023/10/1,397,13427
2023/10/2,179,8133
2023/10/3,256,11673
2023/10/4,264,11391
2023/10/5,152,13010
2023/10/6,359,11844
2023/10/7,241,14272
2023/10/8,255,15360
2023/10/9,222,12334
2023/10/10,233,12594
2023/10/11,285,11685
2023/10/12,239,11341
2023/10/13,213,10224
2023/10/14,220,13764
2023/10/15,123,12977
2023/10/16,209,10030
2023/10/17,185,10978
2023/10/18,228,9820
2023/10/19,275,9645
2023/10/20,161,7647
2023/10/21,303,11052
2023/10/22,303,10549
2023/10/23,202,7117
2023/10/24,187,3211
2023/10/25,255,5664
2023/10/26,198,3833
2023/10/27,169,5129
2023/10/28,221,6676
2023/10/29,182,7805
2023/10/30,202,5989
2023/10/31,251,5007
2023/11/1,170,5623
2023/11/2,201,3433
2023/11/3,265,6073
2023/11/4,242,6868
2023/11/5,243,5585
2023/11/6,194,2578
2023/11/7,164,3055
2023/11/8,260,3568
2023/11/9,276,1555
2023/11/10,207,1501
2023/11/11,272,4045
2023/11/12,229,4730
2023/11/13,207,1635
2023/11/14,240,2588
2023/11/15,219,2785
2023/11/16,121,2502
2023/11/17,158,4106
2023/11/18,214,5777
2023/11/19,281,7349
2023/11/20,128,2255
2023/11/21,176,1891
2023/11/22,206,2248
2023/11/23,180,2812
2023/11/24,194,3419
2023/11/25,213,5825
2023/11/26,127,5606
2023/11/27,149,3058
2023/11/28,257,2322
2023/11/29,140,2266
2023/11/30,289,2684
2023/12/1,274,1789
2023/12/2,111,2885
2023/12/3,133,3155
2023/12/4,185,1265
2023/12/5,124,995
2023/12/6,137,1038
2023/12/7,143,2037
2023/12/8,165,2015
2023/12/9,153,5237
2023/12/10,189,10708
2023/12/11,169,3876
2023/12/12,153,3180
2023/12/13,131,2032
2023/12/14,161,1377
2023/12/15,113,1144
2023/12/16,89,1398
2023/12/17,141,4127
2023/12/18,119,1568
2023/12/19,218,1156
2023/12/20,115,1650
2023/12/21,166,2659
2023/12/22,194,4288
2023/12/23,170,8522
2023/12/24,149,7765
2023/12/25,170,6944
2023/12/26,202,7986
2023/12/27,247,5507
2023/12/28,258,3948
2023/12/29,568,5407
2023/12/30,339,8758
2023/12/31,305,11411
2024/1/1,406,9167
2024/1/2,310,4991
2024/1/3,448,4203
2024/1/4,366,5006
2024/1/5,311,5362
2024/1/6,256,6826
2024/1/7,462,3458
2024/1/8,387,4530
2024/1/9,248,5184
2024/1/10,186,2526
2024/1/11,236,2729
2024/1/12,233,4647
2024/1/13,337,6007
2024/1/14,285,3440
2024/1/15,279,5173
2024/1/16,178,3589
2024/1/17,220,2755
2024/1/18,215,3025
2024/1/19,221,4281
2024/1/20,229,8657
2024/1/21,197,12225
2024/1/22,260,6470
2024/1/23,196,5691
2024/1/24,288,7344
2024/1/25,150,4223
2024/1/26,214,4597
2024/1/27,230,7727
2024/1/28,280,8521
2024/1/29,217,7451
2024/1/30,182,4179
2024/1/31,186,4675
2024/2/1,169,4356
2024/2/2,145,4575
2024/2/3,201,8850
2024/2/4,225,8855
2024/2/5,169,7042
2024/2/6,185,3092
2024/2/7,102,2725
2024/2/8,131,1446
2024/2/9,95,931
2024/2/10,104,2526
2024/2/11,264,4215
2024/2/12,155,3551
2024/2/13,256,2996
2024/2/14,166,5538
2024/2/15,160,4603
2024/2/16,135,5832
2024/2/17,226,9512
2024/2/18,264,8747
2024/2/19,196,4757
2024/2/20,271,4821
2024/2/21,189,4336
2024/2/22,139,3731
2024/2/23,260,4515
2024/2/24,258,10178
2024/2/25,186,11701
2024/2/26,230,7451
2024/2/27,200,3710
2024/2/28,132,3936
2024/2/29,131,2378
2024/3/1,133,2006
2024/3/2,136,2896
2024/3/3,121,3061
2024/3/4,232,1472
2024/3/5,293,1101
2024/3/6,324,1113
2024/3/7,424,1321
2024/3/8,264,1365
2024/3/9,313,1881
2024/3/10,343,1559
2024/3/11,343,1721
2024/3/12,266,1229
2024/3/13,240,1365
2024/3/14,228,1433
2024/3/15,217,1935
2024/3/16,165,2727
2024/3/17,268,3931
2024/3/18,224,3502
2024/3/19,206,2479
2024/3/20,158,3288
2024/3/21,184,4094
2024/3/22,178,5436
2024/3/23,187,6600
2024/3/24,216,5749
2024/3/25,231,4536
2024/3/26,168,4090
2024/3/27,123,3279
2024/3/28,161,3773
2024/3/29,141,4427
2024/3/30,153,5551
2024/3/31,321,6514
2024/4/1,109,3392
2024/4/2,140,1457
2024/4/3,213,1852
2024/4/4,230,2483
2024/4/5,176,3380
2024/4/6,254,4542
2024/4/7,182,7011
2024/4/8,278,4906
2024/4/9,194,1915
2024/4/10,236,2731
2024/4/11,159,3548
2024/4/12,208,4849
2024/4/13,180,7744
2024/4/14,287,4834
2024/4/15,284,5229
2024/4/16,1905,4988
2024/4/17,252,3283
2024/4/18,176,3792
2024/4/19,256,3862
2024/4/20,361,5825
2024/4/21,239,6343
2024/4/22,284,4792
2024/4/23,273,4154
2024/4/24,409,3873
2024/4/25,292,4443
2024/4/26,537,8365
2024/4/27,347,6147
2024/4/28,275,6508
2024/4/29,271,5254
2024/4/30,277,3789
2024/5/1,295,3412
2024/5/2,347,4269
2024/5/3,297,4702
2024/5/4,267,3997
2024/5/5,265,5252
2024/5/6,282,4179
2024/5/7,355,4105
2024/5/8,379,4263
2024/5/9,397,4287
2024/5/10,314,4130
2024/5/11,209,3892
2024/5/12,229,5016
2024/5/13,245,3074
2024/5/14,279,3603
2024/5/15,422,3208
2024/5/16,308,3562
2024/5/17,457,3263
2024/5/18,385,4468
2024/5/19,325,3581
2024/5/20,457,2798
2024/5/21,274,1614
2024/5/22,531,2200
2024/5/23,335,1954
2024/5/24,352,1833
2024/5/25,499,2368
2024/5/26,464,1977
2024/5/27,287,1378
2024/5/28,240,804
2024/5/29,348,1243
2024/5/30,334,930
2024/5/31,331,1106
2024/6/1,440,1195
2024/6/2,290,998
2024/6/3,360,796
2024/6/4,283,804
2024/6/5,317,643
2024/6/6,319,403
2024/6/7,250,416
2024/6/8,218,849
2024/6/9,260,955
2024/6/10,245,704
2024/6/11,514,645
2024/6/12,526,544
2024/6/13,405,738
2024/6/14,503,796
2024/6/15,631,1234
2024/6/16,922,1461
2024/6/17,1037,2128
2024/6/18,588,1056
2024/6/19,881,1470
2024/6/20,622,949
2024/6/21,699,1324
2024/6/22,1251,2106
2024/6/23,907,1484
2024/6/24,602,905
2024/6/25,683,795
2024/6/26,543,572
2024/6/27,557,469
2024/6/28,508,487
2024/6/29,915,689
2024/6/30,663,528
2024/7/1,540,481
2024/7/2,546,490
2024/7/3,339,425
2024/7/4,324,357
2024/7/5,330,261
2024/7/6,613,512
2024/7/7,483,579
2024/7/8,439,374
2024/7/9,453,341
2024/7/10,319,221
2024/7/11,499,283
2024/7/12,483,560
2024/7/13,359,682
2024/7/14,328,398
2024/7/15,497,313
2024/7/16,451,411
2024/7/17,324,312
2024/7/18,441,324
2024/7/19,376,369
2024/7/20,458,725
2024/7/21,614,579
2024/7/22,270,313
2024/7/23,454,406
2024/7/24,352,321
2024/7/25,338,291
2024/7/26,368,292
2024/7/27,342,252
2024/7/28,371,298
2024/7/29,409,322
2024/7/30,253,243
2024/7/31,302,250
2024/8/1,431,295
2024/8/2,556,268
2024/8/3,378,310
2024/8/4,386,453
2024/8/5,258,181
2024/8/6,511,304
2024/8/7,422,226
2024/8/8,435,249
2024/8/9,232,208
2024/8/10,306,241
2024/8/11,331,279
2024/8/12,251,156
2024/8/13,389,271
2024/8/14,325,459
2024/8/15,516,507
2024/8/16,396,578
2024/8/17,419,324
2024/8/18,368,272
2024/8/19,562,358
2024/8/20,607,282
2024/8/21,534,249
2024/8/22,344,185
2024/8/23,452,233
2024/8/24,484,247
2024/8/25,526,284
2024/8/26,386,210
2024/8/27,427,264
2024/8/28,482,224
2024/8/29,373,225
2024/8/30,469,224
2024/8/31,399,237
2024/9/1,681,334
2024/9/2,400,245
2024/9/3,541,299
2024/9/4,416,192
2024/9/5,518,242
2024/9/6,421,217
2024/9/7,369,173
2024/9/8,354,189
2024/9/9,427,185
2024/9/10,438,199
2024/9/11,369,167
2024/9/12,492,222
2024/9/13,838,323
2024/9/14,524,245
2024/9/15,385,181
2024/9/16,392,175
2024/9/17,449,229
2024/9/18,383,246
2024/9/19,354,201
2024/9/20,508,219
2024/9/21,518,242
2024/9/22,275,149
2024/9/23,456,206
2024/9/24,614,256
2024/9/25,604,283
2024/9/26,458,241
2024/9/27,592,232
2024/9/28,516,201
2024/9/29,355,164
2024/9/30,533,226
2024/10/1,598,316
2024/10/2,532,238
2024/10/3,477,194
2024/10/4,465,183
2024/10/5,347,190
2024/10/6,358,164
2024/10/7,390,158
2024/10/8,356,157
2024/10/9,281,158
2024/10/10,424,200
2024/10/11,470,196
2024/10/12,331,189
2024/10/13,348,171
2024/10/14,392,179
2024/10/15,453,198
2024/10/16,490,224
2024/10/17,377,211
2024/10/18,386,198
2024/10/19,447,194
2024/10/20,451,211
2024/10/21,472,185
2024/10/22,522,216
2024/10/23,427,164
2024/10/24,288,144
2024/10/25,383,174
2024/10/26,337,194
2024/10/27,231,122
2024/10/28,198,106
2024/10/29,362,189
2024/10/30,389,209
2024/10/31,267,159
2024/11/1,303,158
2024/11/2,351,155
2024/11/3,324,158
2024/11/4,373,166
2024/11/5,504,233
2024/11/6,359,158
2024/11/7,441,213
2024/11/8,571,280
2024/11/9,544,282
2024/11/10,536,239
2024/11/11,688,296
2024/11/12,452,233
2024/11/13,397,219
2024/11/14,851,284
2024/11/15,998,375
2024/11/16,647,294
2024/11/17,643,281
2024/11/18,583,302
2024/11/19,485,286
2024/11/20,772,307
2024/11/21,1374,497
2024/11/22,714,316
2024/11/23,631,257
2024/11/24,601,279
2024/11/25,461,230
2024/11/26,542,231
2024/11/27,439,305
2024/11/28,617,283
2024/11/29,551,280
2024/11/30,528,325
2024/12/1,562,403
2024/12/2,514,256
2024/12/3,488,255
2024/12/4,584,320
2024/12/5,428,227
2024/12/6,320,187
2024/12/7,456,254
2024/12/8,548,273
2024/12/9,337,214
2024/12/10,614,290
2024/12/11,767,347
2024/12/12,551,354
2024/12/13,452,272
2024/12/14,649,340
2024/12/15,513,278
2024/12/16,461,253
2024/12/17,423,248
2024/12/18,461,295
2024/12/19,484,249
2024/12/20,490,232
2024/12/21,505,214
2024/12/22,396,202
2024/12/23,547,250
2024/12/24,333,200
2024/12/25,286,165
2024/12/26,296,155
2024/12/27,327,189
2024/12/28,416,204
2024/12/29,444,220
2024/12/30,421,199
2024/12/31,499,224
2025/1/1,339,195
2025/1/2,450,237
2025/1/3,276,173
2025/1/4,473,273
2025/1/5,512,247
2025/1/6,336,191
2025/1/7,417,220
2025/1/8,533,210
2025/1/9,545,226
2025/1/10,507,230
2025/1/11,432,217
2025/1/12,420,197
2025/1/13,496,289
2025/1/14,380,192
2025/1/15,556,259
2025/1/16,591,275
2025/1/17,425,275
2025/1/18,451,224
2025/1/19,563,258
2025/1/20,481,282
2025/1/21,502,259
2025/1/22,402,204
2025/1/23,518,222
2025/1/24,548,259
2025/1/25,376,220
2025/1/26,449,239
2025/1/27,403,217
2025/1/28,439,249
2025/1/29,425,210
2025/1/30,590,301
2025/1/31,544,273
2025/2/1,376,224
2025/2/2,414,210
2025/2/3,374,209
2025/2/4,650,291
2025/2/5,383,218
2025/2/6,505,279
2025/2/7,390,192
2025/2/8,389,221
2025/2/9,392,259
2025/2/10,475,224
2025/2/11,423,243
2025/2/12,422,217
2025/2/13,932,373
2025/2/14,1122,449
2025/2/15,751,313
2025/2/16,704,339
2025/2/17,965,399
2025/2/18,891,406
2025/2/19,1079,576
2025/2/20,1256,545
2025/2/21,920,349
2025/2/22,594,331
2025/2/23,632,290
2025/2/24,1115,323
2025/2/25,757,319
2025/2/26,636,286
2025/2/27,620,295
2025/2/28,747,289
2025/3/1,405,195
2025/3/2,474,226
2025/3/3,750,365
2025/3/4,865,292
2025/3/5,602,275
2025/3/6,480,228
2025/3/7,765,328
2025/3/8,341,173
2025/3/9,554,229
2025/3/10,779,288
2025/3/11,806,290
2025/3/12,433,208
2025/3/13,534,244
2025/3/14,485,198
2025/3/15,247,170
2025/3/16,298,170
2025/3/17,459,212
2025/3/18,426,207
2025/3/19,672,270
2025/3/20,530,245
2025/3/21,397,177
2025/3/22,452,198
2025/3/23,454,232
2025/3/24,615,283
2025/3/25,717,280
2025/3/26,629,398
2025/3/27,589,276
2025/3/28,624,280
2025/3/29,598,248
2025/3/30,406,202
2025/3/31,586,262
2025/4/1,452,216
2025/4/2,565,313
2025/4/3,407,199
2025/4/4,409,191
2025/4/5,474,214
2025/4/6,492,208
2025/4/7,647,238
2025/4/8,587,270
2025/4/9,647,327
2025/4/10,507,282
2025/4/11,454,293
2025/4/12,543,223
2025/4/13,498,230
2025/4/14,472,265
2025/4/15,448,250
2025/4/16,488,234
2025/4/17,479,219
2025/4/18,378,177
2025/4/19,513,212
2025/4/20,564,270
2025/4/21,510,211
2025/4/22,582,277
2025/4/23,803,373
2025/4/24,429,227
2025/4/25,502,235
2025/4/26,540,262
2025/4/27,480,219
2025/4/28,522,237
2025/4/29,588,275
2025/4/30,564,292
2025/5/1,482,235
2025/5/2,474,207
2025/5/3,429,196
2025/5/4,395,192
2025/5/5,530,241
2025/5/6,489,268
2025/5/7,402,185
2025/5/8,593,274
2025/5/9,516,256
2025/5/10,548,233
2025/5/11,400,196
2025/5/12,547,245
2025/5/13,558,290
2025/5/14,679,302
2025/5/15,541,287
2025/5/16,642,214
2025/5/17,428,182
2025/5/18,357,171
2025/5/19,743,320
2025/5/20,573,254
2025/5/21,762,261
2025/5/22,610,296
2025/5/23,559,257
2025/5/24,553,242
2025/5/25,599,303
2025/5/26,463,234
2025/5/27,534,256
2025/5/28,631,276
2025/5/29,572,277
2025/5/30,766,386
2025/5/31,559,237
2025/6/1,439,186
2025/6/2,512,242
2025/6/3,417,219
2025/6/4,516,284
2025/6/5,435,243
2025/6/6,516,268
2025/6/7,473,225
2025/6/8,451,226
2025/6/9,625,310
2025/6/10,723,319
2025/6/11,632,361
2025/6/12,808,418
2025/6/13,566,260
2025/6/14,788,261
2025/6/15,581,213
2025/6/16,466,251
2025/6/17,628,328
2025/6/18,623,240
2025/6/19,745,252
2025/6/20,730,281
2025/6/21,470,240
2025/6/22,378,195
2025/6/23,436,217
2025/6/24,494,222
2025/6/25,463,210
2025/6/26,695,310
2025/6/27,709,276
2025/6/28,514,202
2025/6/29,428,191
2025/6/30,563,260
2025/7/1,612,294
2025/7/2,660,270
2025/7/3,461,212
2025/7/4,681,324
2025/7/5,794,334
2025/7/6,727,293
2025/7/7,556,277
2025/7/8,601,257
2025/7/9,997,378
2025/7/10,745,329
2025/7/11,595,298
2025/7/12,649,245
2025/7/13,580,240
2025/7/14,523,242
2025/7/15,413,204
2025/7/16,457,206
2025/7/17,333,266
2025/7/18,293,231
2025/7/19,268,159
2025/7/20,353,190
2025/7/21,376,179
2025/7/22,253,188
2025/7/23,309,202
2025/7/24,325,182
2025/7/25,195,120
2025/7/26,153,94
2025/7/27,282,142
2025/7/28,476,265
2025/7/29,1228,495
2025/7/30,618,273
2025/7/31,606,288
2025/8/1,945,377
2025/8/2,778,337
2025/8/3,715,299
2025/8/4,753,381
2025/8/5,655,298
2025/8/6,735,264
2025/8/7,709,340
2025/8/8,701,318
2025/8/9,557,274
2025/8/10,760,329
2025/8/11,762,363
2025/8/12,926,433
2025/8/13,672,356
2025/8/14,713,351
2025/8/15,751,314
2025/8/16,610,280
2025/8/17,635,280
2025/8/18,1026,395
2025/8/19,673,339
2025/8/20,809,356
2025/8/21,575,300
2025/8/22,775,339
2025/8/23,523,265
2025/8/24,678,314
2025/8/25,635,317
2025/8/26,766,362
2025/8/27,728,338
2025/8/28,620,291
2025/8/29,615,337
2025/8/30,605,270
2025/8/31,522,254
2025/9/1,546,298
2025/9/2,600,277
2025/9/3,874,330
2025/9/4,569,326
2025/9/5,775,359
2025/9/6,495,204
2025/9/7,633,267
2025/9/8,714,329
2025/9/9,673,362
2025/9/10,705,334
2025/9/11,593,260
2025/9/12,523,250
2025/9/13,385,195
2025/9/14,661,383
2025/9/15,533,282
2025/9/16,587,366
2025/9/17,749,382
2025/9/18,591,295
2025/9/19,644,345
2025/9/20,840,308
2025/9/21,661,305
2025/9/22,672,334
2025/9/23,703,294
2025/9/24,636,320
2025/9/25,635,334
2025/9/26,633,299
2025/9/27,621,231
2025/9/28,415,206
2025/9/29,563,258
2025/9/30,633,292
2025/10/1,765,369
2025/10/2,741,375
2025/10/3,760,375
2025/10/4,621,288
2025/10/5,564,291
2025/10/6,544,289
2025/10/7,674,344
2025/10/8,613,329
2025/10/9,675,1652
2025/10/10,708,1388
2025/10/11,676,849
2025/10/12,680,768
2025/10/13,781,671
2025/10/14,766,589
2025/10/15,746,559
2025/10/16,811,628
2025/10/17,770,512
2025/10/18,752,398
2025/10/19,559,299
2025/10/20,627,464
2025/10/21,590,390
2025/10/22,737,416
2025/10/23,599,365
2025/10/24,587,366
2025/10/25,648,295
2025/10/26,592,337
2025/10/27,623,379
2025/10/28,833,466
2025/10/29,874,453
2025/10/30,763,424
2025/10/31,514,330
2025/11/1,467,750
2025/11/2,472,534
2025/11/3,595,475
2025/11/4,607,544
2025/11/5,594,661
2025/11/6,367,456
2025/11/7,353,346
2025/11/8,0,1